"Timestamp","How old are you?","Your Gender","Have you ever felt insecured (i.e. due to sexual harassment, hijacking, life-threat) either in public or private place?","Have you ever witnessed  harassment in a public place?","Were all the incidents related to sexuality?","Have you been able to help someone facing  harassment/mishap/insecurity?","Are you willing to help people out of a critical situation ?","If you aren't willing to help, why not?","Do you wish to help out if you get enough people beside you?","Would you feel more secure if you knew there are a lots of people who can help you?","If you could increase your security by buying high-tech device, how much would you pay for it? (i.e. 2000tk)","Do you have any personal opinions about how to prevent crimes like rape, hijack etc?"
"2018/07/18 9:01:11 PM GMT+6","22","Male","Yes","Yes","Both","No","Yes","For the sake of my own security","Yes","Yes",">=200Tk","Well, mobile is the most common platform now a days something should be done related to mobile, but issue of net is very vital cause so GPRS tracking system must be considered also. "
"2018/07/18 9:11:14 PM GMT+6","19","Male","Yes","No","No (it was a theft, hijack etc)","No","Yes","I'm willing to help","Yes","Yes","2000tk","No"
"2018/07/18 9:17:31 PM GMT+6","21","Male","Yes","No","No (it was a theft, hijack etc)","No","Yes","I'm willing to help","Yes","Yes","500",""
"2018/07/18 9:22:27 PM GMT+6","20","Female","Yes","Yes","Both","Yes","Yes","I'm willing to help","Yes","Yes","500/- ðŸ˜’","Everyone should change their mentality. Our parents should teach their children both son and daughter about this matter,and how to handle this types of problems!"
"2018/07/18 9:24:07 PM GMT+6","19","Male","Yes","No","No (it was a theft, hijack etc)","No","Yes","I'm willing to help","Yes","Maybe","can't say right now",""
"2018/07/18 9:24:41 PM GMT+6","21","Male","Yes","No","No (it was a theft, hijack etc)","No","No","For the sake of my own security","People gather hoite hoite attacker/hijacker palay jabe.","Lots of people be like, ""amar kaj ache. arekjon jak help koruk.""","2000 tk better be worth it. But I need to see a demo (animated demo or mvp) to take the decision. ","Ami just kichu negative kotha bollam. Just to make sure you guys have those answers ready. Try to make the price lower. Around 500 taka would be much preferable. I know, production cost might be heavy but 500 taka will increase the number of device users."
"2018/07/18 9:25:00 PM GMT+6","20","Male","Yes","No","No (it was a theft, hijack etc)","No","Yes","I'm willing to help","I will help no matter if someone beside me or not","Maybe","3000",""
"2018/07/18 9:25:43 PM GMT+6","21","Female","Yes","Yes","Both","No","Yes","I'm willing to help","Yes","Yes","1000",""
"2018/07/18 9:26:58 PM GMT+6","20","Male","Yes","No","No (it was a theft, hijack etc)","No","Yes","I'm willing to help","Yes","Yes","Yes","kind of quick alarm, calling nearby volunteers "
"2018/07/18 9:29:59 PM GMT+6","21","Male","Yes","Yes","No (it was a theft, hijack etc)","No","Yes","I'm willing to help","Yes","Yes","--",""
"2018/07/18 9:30:46 PM GMT+6","21","Male","No","Yes","No (it was a theft, hijack etc)","No","Yes","I'm willing to help","Yes","Yes","no",""
"2018/07/18 9:31:36 PM GMT+6","21","Female","Yes","Yes","Both","No","Maybe","I'm willing to help","Yes","Yes","Depends on efficiency and cost match ","we should prevent it from core , from our education system to prevent to sow the seeds of crime , that we are doing willingly and unwillingly :)"
"2018/07/18 9:34:55 PM GMT+6","21","Male","Yes","Yes","Both","No","Yes","I'm willing to help","Yes","Yes","2000tk",""
"2018/07/18 9:35:36 PM GMT+6","20","Male","No","Yes","Both","Yes","Yes","I'm willing to help","Yes","Yes","500",""
"2018/07/18 9:36:31 PM GMT+6","19","Male","Yes","No","Both","No","Maybe","For the sake of my own security","Yes","Yes","10000",""
"2018/07/18 9:37:42 PM GMT+6","22","Male","Yes","Yes","Both","No","Yes","For the sake of my own security","Yes","Yes","Of course. ",""
"2018/07/18 9:38:03 PM GMT+6","21","Male","No","Yes","Both","No","Yes","I'm willing to help","Yes","Yes","200","By taking long time process in hand"
"2018/07/18 9:39:26 PM GMT+6","20","Male","No","Yes","Both","No","Maybe","For the sake of my own security","Yes","Yes","<= 5000",""
"2018/07/18 9:43:37 PM GMT+6","27","Male","No","Yes","Both","Yes","Yes","I'm willing to help","Yes","Yes","3000tk","I think mass education, social awareness and strong legal steps can help in this regards"
"2018/07/18 9:43:39 PM GMT+6","19","Female","Yes","Yes","Both","Yes","Yes","I'm willing to help","Yes","Yes","3000-5000tk","First of all, we have to be aware of our own security. It is important learning how to defend ourselves in the time of danger. Besides, if we get helpful hands out there, it will become easier to protect victims and prevent crimes. 
Best wishes.         "
"2018/07/18 9:47:57 PM GMT+6","23","Male","Yes","Yes","Both","No","Yes","I'm willing to help","Yes","Yes","5000 Tk","To be honest with you, for the case of hijack, police department has to be sincere with their duties. They have high tech devices to track and find people. Its like a piece of cake for them, but they prefer to smoke weed in the office.

Hajacking of Mobile devices is a common issue in Dhaka City. If there was a way to built GPS that works without internet and with the phone turned off, i believe finding the phone would a lot easier for police -- since its easier, they might want to be more inclined to help.

For the case of rape, it is a bigger problem that is directly associated with how our culture and mindset has changed over time.

The insecure and uncontrolled access of pornography to mass people has been a key thing that might have accelerated the rape incidents.

If we could implement mandatory -pre-installation of Web browsers or Software that monitors and blocks such vile content, i believe the problem could be reduced to some extent."
"2018/07/18 9:49:07 PM GMT+6","18","Male","Yes","Yes","Both","Yes","Maybe","For the sake of my own security","Yes","Yes","500",""
"2018/07/18 9:49:41 PM GMT+6","20","Male","Yes","No","Both","No","Yes","I'm willing to help","Yes","Yes","500 tk","making sef-defence classes mandatory for everyone at an early age"
"2018/07/18 9:50:00 PM GMT+6","20","Female","Yes","Yes","Yes","Yes","Yes","I'm willing to help","Yes","Yes","1000",""
"2018/07/18 9:50:49 PM GMT+6"," 21","Male","Yes","No","No (it was a theft, hijack etc)","No","Yes","I'm willing to help","à¦†à¦®à¦¿ à¦à¦•à¦¾à¦‡ à¦¸à¦¾à¦¹à¦¾à¦¯à§à¦¯ à¦•à¦°à¦¤à§‡ à¦‡à¦šà§à¦›à§à¦•à¥¤ à¦†à¦° à¦¸à¦¾à¦¥à§‡ à¦®à¦¾à¦¨à§à¦·à¦œà¦¨ à¦¥à¦¾à¦•à¦²à§‡ à¦…à¦¬à¦¶à§à¦¯à¦‡ à¦†à¦²à¦¾à¦¦à¦¾ à¦à¦•à¦Ÿà¦¾ à¦¸à¦¾à¦¹à¦¸ à¦ªà¦¾à¦¬à§‹à¥¤   ","Yes"," 500-1000tk","à¦†à¦®à¦¿ à¦à¦‡à¦¸à¦¬ à¦¨à¦¿à§Ÿà§‡ à¦…à¦¨à§‡à¦• à¦šà¦¿à¦¨à§à¦¤à¦¾à¦­à¦¾à¦¬à¦¨à¦¾ à¦•à¦°à§‡à¦“ à¦•à§‹à¦¨à§‹ à¦•à§‚à¦²-à¦•à¦¿à¦¨à¦¾à¦°à¦¾ à¦ªà¦¾à¦‡ à¦¨à¦¾à¦‡à¥¤ à¦†à¦®à¦¾à¦° à¦®à¦¾à¦¥à¦¾à§Ÿ à¦¯à§‡à¦‡ à¦œà¦¿à¦¨à¦¿à¦¸à¦Ÿà¦¾ à¦ªà§à¦°à¦¥à¦®à§‡ à¦†à¦¸à§‡, à¦¤à¦¾ à¦¹à¦²à§‹, à¦ªà¦¾à¦°à¦¿à¦¬à¦¾à¦°à¦¿à¦• à¦¶à¦¿à¦•à§à¦·à¦¾à¥¤ à¦ªà¦°à¦¿à¦¬à¦¾à¦° à¦¥à§‡à¦•à§‡ à¦¸à¦¬à¦¾à¦‡ à¦¸à§à¦·à§à¦ à§ à¦®à¦¨à§à¦·à§à¦¯à¦¤à§à¦¬à§‡à¦° à¦¶à¦¿à¦•à§à¦·à¦¾ à¦ªà¦¾à¦‡à¦²à§‡, à¦•à§‡à¦‰ à¦¸à¦¹à¦œà§‡ à¦–à¦¾à¦°à¦¾à¦ª à¦•à¦¾à¦œà§‡à¦° à¦¦à¦¿à¦•à§‡ à¦ªà¦¾ à¦¬à¦¾à§œà¦¾à¦¬à§‡ à¦¨à¦¾à¥¤ à¦†à¦° à¦¯à¦¾à¦°à¦¾ à¦‡à¦¤à§‹à¦®à¦§à§à¦¯à§‡ à¦à¦‡à¦¸à¦¬ à¦–à¦¾à¦°à¦¾à¦ª à¦ªà¦¥à§‡ à¦ªà¦¾ à¦¬à¦¾à§œà¦¿à§Ÿà§‡à¦›à§‡, à¦¤à¦¾à¦¦à§‡à¦°à¦•à§‡ à¦•à¦¿à¦­à¦¾à¦¬à§‡ à¦­à¦¾à¦²à§‹ à¦ªà¦¥à§‡ à¦†à¦¨à¦¾ à¦¯à¦¾à§Ÿ, à¦¤à¦¾à¦° à¦•à§‹à¦¨à§‹ à¦†à¦‡à¦¡à¦¿à§Ÿà¦¾ à¦†à¦®à¦¾à¦° à¦•à¦¾à¦›à§‡ à¦¨à¦¾à¦‡à¥¤         "
"2018/07/18 9:50:58 PM GMT+6","20","Female","Yes","Yes","Yes","No","Yes","I'm willing to help","Yes","Yes","30000tk","Self-defence"
"2018/07/18 9:53:18 PM GMT+6","20","Male","Yes","Yes","Both","Yes","Yes","I'm willing to help","Yes","Yes","Around 500","more efficient weapon/repellant rendering the assaulter more successfully immobilized. "
"2018/07/18 9:54:00 PM GMT+6","20+","Female","Yes","Yes","Both","No","Yes","I'm willing to help","Yes","Yes","As much as required ","Always carrying small  weapons likebana knife so that at least primarily in can save my life. Moreover, instead of being hopetless or tensed someone should be stay balanced and more calm so that he or she could be able to take  right decision at respective situation. "
"2018/07/18 9:54:09 PM GMT+6","21","Female","Yes","Yes","Yes","No","Yes","I'm willing to help","Yes","Yes","1000-1500",""
"2018/07/18 9:55:10 PM GMT+6","18","Female","Yes","Yes","Both","Yes","Yes","I'm willing to help","Yes","Yes","1000-1500 tk","if people around a victim stand together & take instant action during the time of any harassement, I think it (harassment)  will decrease gradually "
"2018/07/18 9:55:52 PM GMT+6","21","Male","Yes","No","No (it was a theft, hijack etc)","No","Yes","I'm willing to help","Yes","Yes","10000 tk",""
"2018/07/18 9:56:06 PM GMT+6","21","Male","No","No","No (it was a theft, hijack etc)","No","Yes","I'm willing to help","Yes","Yes","2000",""
"2018/07/18 9:58:24 PM GMT+6","21","Male","Yes","Yes","No (it was a theft, hijack etc)","Yes","Yes","I'm willing to help","Yes","Yes","2000-5000",""
"2018/07/18 9:58:26 PM GMT+6","20+","Male","No","No","No (it was a theft, hijack etc)","Yes","Maybe","I'm willing to help","Yes","Yes","1000",""
"2018/07/18 9:58:36 PM GMT+6","21","Male","No","No","No (it was a theft, hijack etc)","No","Yes","I'm willing to help","Yes","Yes","1000",""
"2018/07/18 10:00:07 PM GMT+6","37","Male","Yes","Yes","No (it was a theft, hijack etc)","Yes","Yes","I'm willing to help","Yes","Yes","1800tk","awareness program to all level of people. Besides execution of guilty people in front of public."
"2018/07/18 10:02:13 PM GMT+6","22","Prefer not to say","Yes","Yes","Yes","Yes","Yes","I'm willing to help","Yes","Yes","$500","Respect everyone instead of saying, ""I don't give a f**k"" :) "
"2018/07/18 10:04:26 PM GMT+6","20","Male","No","Yes","No (it was a theft, hijack etc)","No","Yes","I'm willing to help","Yes","Yes","1000",""
"2018/07/18 10:08:36 PM GMT+6","21","Male","No","Yes","No (it was a theft, hijack etc)","No","Yes","I'm willing to help","Yes","Yes","100",""
"2018/07/18 10:09:27 PM GMT+6","à§¨à§§","Male","Yes","Yes","No (it was a theft, hijack etc)","Yes","Maybe","For the sake of my own security","Yes","Yes","à§§à§¦à§¦à§¦",""
"2018/07/18 10:09:59 PM GMT+6","20","Male","No","No","No (it was a theft, hijack etc)","No","Yes","I'm willing to help","Yes","Yes","Yes","tool like paper spray, can be helpful."
"2018/07/18 10:10:16 PM GMT+6","22","Male","No","No","No (it was a theft, hijack etc)","No","Yes","I'm willing to help","Yes","Yes","5000",""
"2018/07/18 10:10:29 PM GMT+6","21","Male","No","Yes","Both","No","Yes","I'm willing to help","Yes","Yes","If it's a life saving tech, i think no one will bother to pay 5-10k. ","Yes, by raising awareness, recently i have watched a video, which was from a country of South africa where two of every three girls were raped earlier, but a social campaign helped to reduce this percentage.
They just went to schools and taught everyone the affects of this harassment and put the word ""i wont harrase anyone"" in their brain by repeatedly saying for several days. I wish i could provide the link of that video. The scenario changed dramatically after this campaign started, though it took few years to witness the result, but the result was outstanding. "
"2018/07/18 10:14:46 PM GMT+6","20","Female","No","No","Yes","Yes","Yes","I'm willing to help","Yes","Maybe","1000",""
"2018/07/18 10:14:57 PM GMT+6","20","Female","Yes","Yes","No (it was a theft, hijack etc)","Yes","Yes","I'm willing to help"," à¦à¦•à¦¾ à¦¥à¦¾à¦•à¦²à§‡à¦“ à¦šà§‡à¦·à§à¦Ÿà¦¾ à¦•à¦°à¦¬à§‹ à¦…à¦¬à¦¶à§à¦¯à¦‡","","1-2k",""
"2018/07/18 10:15:25 PM GMT+6","27","Male","Yes","Yes","No (it was a theft, hijack etc)","No","Yes","I'm willing to help","Yes","Yes","2000",""
"2018/07/18 10:15:39 PM GMT+6","18","Female","No","No","No (it was a theft, hijack etc)","No","Yes","For the sake of my own security","Yes","Maybe","1000","Want to stop that"
"2018/07/18 10:16:11 PM GMT+6","19","Male","Yes","Yes","No (it was a theft, hijack etc)","Yes","Maybe","For the sake of my own security","Yes","Yes","5000k",""
"2018/07/18 10:18:33 PM GMT+6","21","Male","Yes","Yes","Both","No","Maybe","I'm willing to help","Yes","Yes","None",""
"2018/07/18 10:19:38 PM GMT+6","20","Female","Yes","Yes","Yes","No","Yes","I'm willing to help","Yes","Yes","1000","Girl's awareness and they should know how to protect ownself"
"2018/07/18 10:24:20 PM GMT+6","20","Male","No","Yes","Yes","No","Yes","I'm willing to help","Yes","Yes","4000-5000","Yes"
"2018/07/18 10:25:01 PM GMT+6","20","Male","Yes","Yes","No (it was a theft, hijack etc)","No","Maybe","For the sake of my own security","Yes","Yes","5000tk",""
"2018/07/18 10:25:48 PM GMT+6","21","Male","No","Yes","Both","No","Yes","For the sake of my own security","Yes","Yes","500",""
"2018/07/18 10:26:05 PM GMT+6","20","Female","Yes","No","Both","No","Yes","I'm willing to help","Yes","Yes","3.5k","we need to keep ourselves much more aware and need gov support also...moreover we should try to change the mentality of people "
"2018/07/18 10:26:09 PM GMT+6","21","Male","No","Yes","Both","No","Yes","I'm willing to help","Yes","Yes","Around 2000 Taka","Law must be applied in right way"
"2018/07/18 10:26:19 PM GMT+6","20","Female","Yes","No","No (it was a theft, hijack etc)","No","No","For the sake of my own security","Yes","No","no idea","no"
"2018/07/18 10:28:25 PM GMT+6","20years","Male","Yes","Yes","Both","No","Yes","I'm willing to help","Yes","Yes","1000tk",""
"2018/07/18 10:29:58 PM GMT+6","25","Male","Yes","Yes","No (it was a theft, hijack etc)","Yes","Yes","I'm willing to help","No","Yes","3000","no comments "
"2018/07/18 10:33:49 PM GMT+6","19","Male","No","Yes","Both","Yes","Yes","I'm willing to help","Yes","Maybe","0","awareness"
"2018/07/18 10:33:56 PM GMT+6","21","Male","No","Yes","Both","Yes","Yes","I'm willing to help","Yes","Yes","Depends on how much able and useful that device is (Upto 1-4k)","Following the rules strictly by public"
"2018/07/18 10:37:27 PM GMT+6","20","Female","Yes","No","Both","Yes","Yes","I'm willing to help","Yes","Yes","within 1k,i suppose","rise against social taboos like victim-shaming "
"2018/07/18 10:37:31 PM GMT+6","20","Female","Yes","Yes","Both","No","Yes","I'm willing to help","Yes","Yes","3000tk",""
"2018/07/18 10:39:10 PM GMT+6","23","Male","Yes","Yes","Both","Yes","Yes","For the sake of my own security","Yes","Yes","1000k",""
"2018/07/18 10:40:53 PM GMT+6","21","Female","Yes","Yes","Both","No","Yes","I'm willing to help","Yes","Maybe","500-1000",""
"2018/07/18 10:44:52 PM GMT+6","21","Male","No","Yes","Yes","Yes","Yes","I'm willing to help","Yes","Yes","5000tk","No. The best probable solution is to change the mentality of people. But it is almost impossible. Other way can a better solution.  If the laws are fully implied and fast.   "
"2018/07/18 10:45:07 PM GMT+6","19","Female","Yes","No","Both","Yes","Yes","I'm willing to help","Yes","Yes","Infinity ",""
"2018/07/18 10:46:01 PM GMT+6","20","Female","Yes","No","Both","Yes","Yes","I'm willing to help","No","Maybe","5000","safety Tracker"
"2018/07/18 10:46:58 PM GMT+6","21","Female","Yes","Yes","Both","No","Yes","I'm willing to help","Yes","Maybe","2000","laws must be imposed strictly..and social awareness is very much necessary..     "
"2018/07/18 10:48:03 PM GMT+6","20","Male","No","Yes","Yes","No","Maybe","For the sake of my own security","Yes","Yes","2.5k-3k","There are so many ways, we can imagine. But, 90% of them won't work in the long run. So, there remains uncertainty!  And there're different cases, different circumastances. So the only realistic way (this has lags as well) to prevent this, is to raise awareness more effectively and to implement laws properly."
"2018/07/18 10:49:01 PM GMT+6","20","Male","No","Yes","Both","No","Yes","I'm willing to help","Yes","Yes","1500","rape alert apps with location varification"
"2018/07/18 10:51:46 PM GMT+6","19","Female","Yes","No","Both","Yes","Yes","I'm willing to help","Yes","Yes","2000",""
"2018/07/18 10:52:22 PM GMT+6","18","Male","Yes","No","No (it was a theft, hijack etc)","No","Yes","I'm willing to help","Yes","Yes","1000tk",""
"2018/07/18 10:58:56 PM GMT+6","22","Female","Yes","Yes","Yes","Yes","Yes","I'm willing to help","Yes","Yes","50000 ","By strict law and awareness"
"2018/07/18 11:01:08 PM GMT+6","20","Male","No","Yes","No (it was a theft, hijack etc)","No","Yes","I'm willing to help","Yes","Maybe","Depends on need and capabilit.   ","We can prevent socialcrime by drawing a highlighted example by giving strict punishment to criminal.  So that none other can take the chance to commit crime.         "
"2018/07/18 11:01:13 PM GMT+6","20","Male","Yes","No","Both","No","Yes","I'm willing to help","Yes","Yes","Upto 10000, I guess.",""
"2018/07/18 11:12:22 PM GMT+6","20","Male","Yes","Yes","Both","No","Yes","I'm willing to help","Yes","Yes","700tk",""
"2018/07/18 11:13:59 PM GMT+6","21","Male","Yes","Yes","Both","No","Maybe","For the sake of my own security","Yes","Yes","1000tk","We need the assurance of getting more people beside ourselves when helping others"
"2018/07/18 11:20:59 PM GMT+6","20","Male","No","Yes","No (it was a theft, hijack etc)","No","Maybe","For the sake of my own security","Yes","Yes","I have no idea.It depends on price of devices. ",""
"2018/07/18 11:21:56 PM GMT+6","20","Female","Yes","Yes","Both","No","Yes","I'm willing to help","Yes","Yes","2000-2500",""
"2018/07/18 11:22:39 PM GMT+6","22","Female","Yes","Yes","Both","Yes","Maybe","For the sake of my own security","Yes","Yes","1000tk",""
"2018/07/18 11:23:38 PM GMT+6","20","Male","Yes","Yes","No (it was a theft, hijack etc)","No","Maybe","For the sake of my own security","Yes","Yes","upto 1.5-2k","By ensuring proper implementation of law enforcement, something that's quite uncommon in our country :)"
"2018/07/18 11:26:44 PM GMT+6","21","Female","Yes","Yes","Yes","Yes","Yes","I'm willing to help","Yes","Yes","2500","Social awareness is most important. Then PUNISHMENT is must for the criminals! "
"2018/07/18 11:30:07 PM GMT+6","21","Male","No","Yes","No (it was a theft, hijack etc)","No","Yes","I'm willing to help","Yes","Yes","3000","We gotta set examples of punishment "
"2018/07/18 11:30:29 PM GMT+6","22","Female","Yes","Yes","Yes","Yes","Yes","I'm willing to help","No","Yes","100","be brave, honest, helpful"
"2018/07/18 11:31:20 PM GMT+6","21","Male","No","Yes","Yes","No","Yes","I'm willing to help","Yes","Yes","1000","no"
"2018/07/18 11:31:30 PM GMT+6","23","Female","Yes","Yes","Both","No","Yes","I'm willing to help","Yes","Yes","500-5000","thatâ€™s all about ethics. nothing can stop it untill people improve their mentality. but using high tech device / application or having proper physical training can prevent everyone from this. "
"2018/07/18 11:35:16 PM GMT+6"," 19","Female","Yes","Yes","No (it was a theft, hijack etc)","Yes","Yes","I'm willing to help","Yes","Yes","500tk","by awaring people about this prob"
"2018/07/18 11:36:50 PM GMT+6","21","Female","Yes","No","Yes","No","Yes","I'm willing to help","Yes","Yes","It depends on my allowance","The law of our county must be strict ."
"2018/07/18 11:36:59 PM GMT+6","18","Female","Yes","No","No (it was a theft, hijack etc)","No","Yes","For the sake of my own security","Yes","Yes"," 1500",""
"2018/07/18 11:36:59 PM GMT+6","20","Female","Yes","Yes","Yes","Yes","Yes","I'm willing to help","Yes","Yes","1000","The punishment needs to be strong   "
"2018/07/18 11:38:07 PM GMT+6","20","Male","Yes","No","No (it was a theft, hijack etc)","No","Yes","I'm willing to help","Yes","No","500 tk/=","can't say much about other things except typical reasoning,but as for public harassment goes, he/she must raise her/his voice against it in the spot; literally like talking loudly about the harassment and alarming people around him/her. If everyone ignores without batting an eye, try to record the incident or take photo of the assaulter and make it viral."
"2018/07/18 11:39:31 PM GMT+6","19","Male","No","No","No (it was a theft, hijack etc)","Yes","Yes","I'm willing to help","Yes","Yes","depends on my necessity but 2k isnot too much money so i can afford it. ","for preventing rape, i will follow Sefat Ullah's speech for preventing  rape. "
"2018/07/18 11:42:57 PM GMT+6","19","Male","No","Yes","No (it was a theft, hijack etc)","No","Maybe","For the sake of my own security","Yes","Yes","don't know","those who give shelter to the raper & hijacker..try to find out them & punish them..I think that's enough "
"2018/07/18 11:43:01 PM GMT+6","18","Female","Yes","No","Both","Yes","Yes","I'm willing to help","No","Maybe","I don't know actually",""
"2018/07/18 11:44:49 PM GMT+6","20","Male","Yes","Yes","No (it was a theft, hijack etc)","Yes","Yes","I'm willing to help","Yes","Yes","5000","Combined classes for all ages of education "
"2018/07/18 11:44:54 PM GMT+6","28","Male","No","No","No (it was a theft, hijack etc)","No","Yes","I'm willing to help","Yes","Yes","5000tk","People should receive sexual education at an early stage. In schools gender-segregated education should be banned and co-education encouraged."
"2018/07/18 11:49:02 PM GMT+6","21","Male","Yes","No","Both","No","Yes","I'm willing to help","Yes","Yes","5000","1. Ensuring law enforcement
2. Making people aware that consent matters above all
3. Institutionalizing education regarding sex
4. Getting rid of the taboo of discussing matters involving sex"
"2018/07/18 11:52:50 PM GMT+6","20","Female","Yes","Yes","Both","No","Maybe","For the sake of my own security","Yes","Yes","3000",""
"2018/07/18 11:55:52 PM GMT+6","20","Male","No","No","No (it was a theft, hijack etc)","No","Yes","I'm willing to help","Yes","Yes","1000tk ","no"
"2018/07/19 12:03:13 AM GMT+6","21","Male","No","No","No (it was a theft, hijack etc)","No","Maybe","For the sake of my own security","Yes","Yes","Not sure, cause most of the high tech devices aren't available or not legal to use for mere self defence","Social awareness"
"2018/07/19 12:03:19 AM GMT+6","20","Male","Yes","No","No (it was a theft, hijack etc)","No","Maybe","For the sake of my own security","Yes","Yes","No",""
"2018/07/19 12:09:06 AM GMT+6","19","Male","Yes","Yes","No (it was a theft, hijack etc)","No","Yes","I'm willing to help","Yes","Yes","500 tk",""
"2018/07/19 12:09:58 AM GMT+6","23","Male","Yes","Yes","No (it was a theft, hijack etc)","No","Yes","I'm willing to help","Yes","Yes","500",""
"2018/07/19 12:13:20 AM GMT+6","23","Male","Yes","Yes","Both","No","Yes","I'm willing to help","Yes","Yes","500tk",""
"2018/07/19 12:13:28 AM GMT+6","20","Male","No","Yes","Yes","No","Yes","I'm willing to help","Yes","Yes","would buy the best things! and best things needs much tk we know","social awareness, and mostly, minor childs should restricted from using social media, especially girls! "
"2018/07/19 12:21:49 AM GMT+6","22","Male","No","Yes","Both","No","Yes","I'm willing to help","Yes","Yes","1000tk","I have a theory that easy access to pornography is a major cause of sexual harassment apart from the well known causes which we often overlook. "
"2018/07/19 12:22:23 AM GMT+6","23","Male","No","No","No (it was a theft, hijack etc)","Yes","Yes","I'm willing to help","Yes","Maybe","5000","No"
"2018/07/19 12:22:33 AM GMT+6","20","Female","Yes","Yes","Both","Yes","Yes","I'm willing to help","Yes","Yes","500","Family values"
"2018/07/19 12:22:58 AM GMT+6","24","Male","No","No","No (it was a theft, hijack etc)","No","Yes","I'm willing to help","Yes","Yes","Maximum 1000 tk",""
"2018/07/19 12:23:48 AM GMT+6","20years","Female","Yes","Yes","Both","Yes","Yes","I'm willing to help","Yes","Yes","1000tk",""
"2018/07/19 12:45:19 AM GMT+6","18","Female","Yes","Yes","No (it was a theft, hijack etc)","No","Maybe","I'm willing to help","Yes","Yes","maybe 1000tk","Girls should know how to defence"
"2018/07/19 1:02:32 AM GMT+6","19 years old","Male","No","No","No (it was a theft, hijack etc)","No","Yes","I'm willing to help","Yes","Yes","500-1000tk",""
"2018/07/19 1:03:58 AM GMT+6","21","Male","Yes","No","No (it was a theft, hijack etc)","No","Yes","I'm willing to help","Yes","Yes","depends on how much it will help me :v","Strict punishment. "
"2018/07/19 1:37:00 AM GMT+6","20","Male","Yes","Yes","Yes","No","Yes","I'm willing to help","Yes","Yes","1000tk","no"
"2018/07/19 1:38:44 AM GMT+6","19","Male","Yes","Yes","Both","No","Yes","I'm willing to help","Yes","Yes","5000","intolerable punishment  should be given"
"2018/07/19 1:43:37 AM GMT+6"," 20","Female","No","Yes","Both","Yes","Yes","I'm willing to help","Yes","Yes","No",""
"2018/07/19 2:54:25 AM GMT+6","21","Male","Yes","Yes","Both","Yes","Yes","I'm willing to help","Yes","Yes","3000tk","I don't see any solution acknowledging the current political situation of Bangladesh Â¢"
"2018/07/19 3:13:56 AM GMT+6","19","Female","Yes","Yes","Both","Yes","Yes","I'm willing to help","Yes","Yes","10$","Public security "
"2018/07/19 3:17:34 AM GMT+6","22","Male","Yes","No","Yes","Yes","Yes","I'm willing to help","Yes","Yes","1000 tk",""
"2018/07/19 3:29:22 AM GMT+6"," 20","Male","Yes","No","No (it was a theft, hijack etc)","No","Yes","I'm willing to help","Yes","Yes","It depends on the efficiency of this device.Security level is depend on man to man.But in Genarel, It will be good choice if the price cannot exeed 2200tk","Total of our system is injured, for this reason rape, hijac are increased.I have no particular idea to prevent that crimes without making change in our system,society and Intention.Without cutting the root,a tree cannot be destroyed.The result willbe change for very short time,and then à¦¯à§‡à¦‡ à¦²à¦¾à¦‰ à¦¸à§‡à¦‡ à¦•à¦¦à§à¥¤ Btw,I thing this is a appreciating project.A great thanks to them who are thinking about it."
"2018/07/19 3:42:51 AM GMT+6","21","Male","No","No","I haven't witnessed any","No","Yes","I'm willing to help","wheather or not i get them i am gonna help","","3k",""
"2018/07/19 6:33:45 AM GMT+6","25","Male","Yes","Yes","No (it was a theft, hijack etc)","Yes","Yes","For the sake of my own security","Yes","Yes","5000","Shoot at sight "
"2018/07/19 6:50:00 AM GMT+6","21 ","Female","Yes","No","I haven't witnessed any","No","Maybe","I'm willing to help","Yes","Yes","at a price that can be easy to purchase for everyone. But as it is high tech, maybe i will go for 1000",""
"2018/07/19 7:09:17 AM GMT+6","21","Female","Yes","Yes","Yes","No","Maybe","For the sake of my own security","May be","Maybe","800-1500",""
"2018/07/19 7:15:56 AM GMT+6","31","Male","Yes","No","Both","No","Maybe","For the sake of my own security","Yes","Yes","100000 BDT",""
"2018/07/19 8:32:10 AM GMT+6","19","Female","Yes","Yes","Both","Yes","Maybe","For the sake of my own security","Yes","Yes","2000 tk",""
"2018/07/19 8:44:34 AM GMT+6","21","Male","No","No","I haven't witnessed any","No","Yes","I'm willing to help","Yes","Yes","1000","by murder them instantly"
"2018/07/19 9:25:53 AM GMT+6","21","Female","No","No","I haven't witnessed any","Yes","Yes","I'm willing to help","Yes","Yes","Idk yet. Depends on what it is ","Has to start from childhood. Focus on kids especially from age 1 to 5. This is when character builds that are expressed later in the years. Parents and siblings need to be like friends in order to reinforce the learning #learningStartingAtHome. Feel free to reach me in fb @Tasnuva Hoque Sorno, if i can be of any help being away from home ðŸ‡§ðŸ‡© : )"
"2018/07/19 10:04:40 AM GMT+6","19","Female","Yes","Yes","Yes","No","Yes","For the sake of my own security","Yes","Yes","500 tk","Giving the children moral education from the very childhood and teach to respect women from then. "
"2018/07/19 10:11:52 AM GMT+6","18","Female","Yes","Yes","Both","No","Yes","I'm willing to help","Yes","Yes","2500-3000",""
"2018/07/19 10:20:16 AM GMT+6","21","Male","Yes","No","No (it was a theft, hijack etc)","Yes","Yes","I'm willing to help","Yes","Yes","3000","By increasing security"
"2018/07/19 10:29:20 AM GMT+6","20","Female","Yes","Yes","Yes","No","Yes","I'm willing to help","Yes","Yes","1000","we should me more cautious and should be prepared for every situation .Girls can be trained(ex:judo,karate)  the criminals should not be spared so easily,actions should be taken according to law becuse we need the help  of law also."
"2018/07/19 10:45:31 AM GMT+6","21","Male","No","No","I haven't witnessed any","No","Yes","I'm willing to help","Yes","Yes","1000tk","N/A"
"2018/07/19 10:51:29 AM GMT+6","20","Male","No","No","I haven't witnessed any","No","Yes","I'm willing to help","Yes","Yes","2000","Our response team should be more quick. And the penalty for such crimes need to be updated. Also there needs public execution of those punishments. "
"2018/07/19 10:54:21 AM GMT+6","21","Male","No","Yes","No (it was a theft, hijack etc)","No","Yes","I'm willing to help","Yes","Maybe","5000","Screened mentality should increase as well as the people have to change their mentality on the time of such event and after the event to the victim "
"2018/07/19 11:11:04 AM GMT+6","21","Male","No","Yes","No (it was a theft, hijack etc)","No","Yes","I'm willing to help","Yes","Maybe","500tk","psychological things. parents need to be kind of trained to teach their loved ones about social norms and studs need to go through in such a educational system where they can freely learn sexual and other stufs."
"2018/07/19 11:37:13 AM GMT+6","20","Male","No","No","I haven't witnessed any","No","Yes","I'm willing to help","Yes","Yes","1k",""
"2018/07/19 12:45:13 PM GMT+6","19","Male","No","No","I haven't witnessed any","No","Yes","I'm willing to help","Yes","Yes","1000",""
"2018/07/19 1:30:02 PM GMT+6","19","Female","Yes","No","I haven't witnessed any","No","Yes","I'm willing to help","Yes","Yes","not sure","proper punishment "
"2018/07/19 1:36:32 PM GMT+6","20","Female","No","No","I haven't witnessed any","No","Yes","I'm willing to help","Yes","Yes","1k to 2k","Enforce law properly "
"2018/07/19 2:03:49 PM GMT+6","21","Male","No","No","I haven't witnessed any","No","Yes","I'm willing to help","Yes","Yes","1000","Public Awareness "
"2018/07/19 2:54:19 PM GMT+6","19","Female","Yes","Yes","Both","Yes","Yes","I'm willing to help","Yes","Yes","depends","enforcement of law should be efficient "
"2018/07/19 2:59:41 PM GMT+6","23","Male","No","Yes","No (it was a theft, hijack etc)","No","Maybe","I'm willing to help","Yes","Yes","2000tk","No"
"2018/07/19 3:40:36 PM GMT+6","27","Male","Yes","Yes","Yes","Yes","Yes","I'm willing to help","Yes","Yes","1000","Physical assault"
"2018/07/19 4:33:08 PM GMT+6","18","Female","Yes","Yes","Both","No","Yes","I'm willing to help","Yes","Yes","2000 - 3000tk",""
"2018/07/19 6:14:05 PM GMT+6","23","Female","Yes","Yes","Yes","Yes","Yes","I'm willing to help","Yes","Yes","500tk",""
"2018/07/19 6:17:55 PM GMT+6","22","Female","Yes","Yes","Both","No","Yes","I'm willing to help","Yes","Yes","Not more than 1000tk","By ensuring strict and visible punishment by law. And if law lags doing thi, then general public should come forward for giving sentence to the culprit.              "
"2018/07/19 6:18:49 PM GMT+6"," 19","Male","Yes","No","No (it was a theft, hijack etc)","No","Yes","I'm willing to help","Yes","Yes","5000","We have to create awareness."
"2018/07/19 6:46:10 PM GMT+6","23","Female","Yes","Yes","Both","Yes","Yes","I'm willing to help","Yes","Yes","2000","Yes
I think most of the women are the victims of harrasement .They feel insecurity while they are outside of home.Every men should  have to hold their tongue ,gesture,posture seeing the women.Men have to consider this by his own perspective as they have mother ,sister ,wife at their home.In our country  it is easy to men to rape a girl as the rules and regulations  in our country are too poor to protect the girl.There should be noticeable punishment  for the eve teasers so that  further they cant tease any girl and  also no one  can  see their courage to tease any girl."
"2018/07/19 6:52:46 PM GMT+6"," 21","Female","Yes","Yes","Both","Yes","Yes","For the sake of my own security","Yes","Yes","at any cost",""
"2018/07/19 6:59:45 PM GMT+6","19","Female","Yes","Yes","Both","Yes","Yes","I'm willing to help","Yes","Yes","5000tk ",""
"2018/07/19 7:03:10 PM GMT+6","21","Female","Yes","Yes","Both","No","Yes","I'm willing to help","No","No","1000tk","Enforce laws"
"2018/07/19 7:04:38 PM GMT+6","20","Female","Yes","Yes","Yes","Yes","Yes","I'm willing to help","Yes","Yes","500","Varsity school a campaign na kore , public transport a koren ! Manush 5ta kotha bolle 3 ta shune birkoto holeo 1ta kane nibe ! "
"2018/07/19 7:06:49 PM GMT+6","22","Male","Yes","Yes","Both","No","Yes","I'm willing to help","Yes","Yes","1500-2500 would be fine but depends on its effectivity.","We need to ensure maximum punishment for criminals who do such crimes and thus send a clear message to people that we hold zero tolerance view against such crime. "
"2018/07/19 7:09:56 PM GMT+6","21","Male","Yes","Yes","No (it was a theft, hijack etc)","No","Yes","I'm willing to help","Yes","Yes","5000 tk - 10000 tk","Proper education for everyone & removing poverty by all means possible?"
"2018/07/19 7:12:28 PM GMT+6","21","Male","No","No","I haven't witnessed any","No","Yes","I'm willing to help","Yes","Yes","1200","à¦¸à¦¿à¦­à¦¿à¦² à¦“à§Ÿà¦¾à¦° à¦à¦° à¦ªà¦° à¦¸à¦¬ à¦ à¦¿à¦• à¦¹à§Ÿà§‡ à¦¯à¦¾à¦¬à§‡à¥¤  "
"2018/07/19 7:12:48 PM GMT+6","27","Female","Yes","Yes","Yes","No","Yes","I'm willing to help","Yes","Yes","1000","If punishment is given to the criminal without delay, then i think the rate of crime will decline.     "
"2018/07/19 7:15:03 PM GMT+6"," 28","Male","Yes","Yes","Both","No","Yes","I'm willing to help","Yes","Yes","500-2000","Available Number of Police in Public place,and they must have the mentality to help the victim not to criminal.Because maximum of these crime happen with the concurrence of police,police know everything but don't try to do anything, even sometimes don't want to open their mouth.     "
"2018/07/19 7:16:27 PM GMT+6","23","Male","No","No","Both","No","Yes","I'm willing to help","Yes","Maybe","1500","um yes but now i do interest for tell it here"
"2018/07/19 7:34:59 PM GMT+6","19","Female","Yes","Yes","Yes","No","Yes","I'm willing to help","Yes","There  are? Really?","1000tk at most","Actually not. Many people have their opinions about this. But knowing and having personal opinions isn't helping. Cause we are scattered with beautiful and ethical thoughts. It's like having opinions and knowledge how to prevent these crimes and then run away when these happen in front of you.  "
"2018/07/19 7:47:15 PM GMT+6","22","Male","Yes","Yes","No (it was a theft, hijack etc)","Yes","Yes","I'm willing to help","Yes","Yes","3000",""
"2018/07/19 7:47:21 PM GMT+6","20","Male","No","Yes","No (it was a theft, hijack etc)","Yes","Maybe","For the sake of my own security","Yes","Yes","500",""
"2018/07/19 8:13:16 PM GMT+6","19","Female","Yes","Yes","Yes","Yes","Yes","I'm willing to help","Yes","Yes","As much as I can afford","If govt. cut raper's penis after proving about their rape case then automatically rape will prevent."
"2018/07/19 8:18:21 PM GMT+6","21","Male","Yes","Yes","Both","Yes","Yes","I'm willing to help","Yes","Yes","i may buy for some money .but the ones who are poor ? what about them ?","just change your mentality man"
"2018/07/19 8:24:57 PM GMT+6","19","Female","Yes","Yes","Yes","No","Yes","I'm willing to help","Yes","Yes","Within 2000",""
"2018/07/19 8:28:09 PM GMT+6","around 30","Female","Yes","Yes","Both","No","Yes","I'm willing to help","Yes","Yes","it depends on the configgeration of the device","in case of sexual harassment I want the organ cut off that is responsible for harassment."
"2018/07/19 8:29:39 PM GMT+6","20","Female","Yes","Yes","Both","Yes","Yes","I'm willing to help","Yes","Yes","more than 2000 tk","We have to increase mass awareness. "
"2018/07/19 8:29:47 PM GMT+6","20","Female","Yes","Yes","Both","Yes","Yes","I'm willing to help","Yes","Yes","more than 2000 tk","We have to increase mass awareness. "
"2018/07/19 8:30:36 PM GMT+6","24","Prefer not to say","Yes","Yes","Both","No","Maybe","For the sake of my own security","Yes","Yes","Effectivity would say! I guess 4k-5k of BDT.","Vulnerable groups should be assisted with some kind of weapon as piper spray or mini-electric-shock providing gun or disgust-scent sprayer with appropriate training. At least one kind of self-saving martial art as judo, karate or jujitsu should be taught at the schools compulsorily.  Law enforcement authority must be made to be ultra-sensitive to harassment and related cases. Social policing groups can be build up in different areas all over the country, or, I dare say, the world, to work actively to change the mindset of the community in the respective areas. And the victims, should come up, should be helped and encouraged to come up,  boldly, with the protests and statements regarding their situation right in the face of oppression."
"2018/07/19 8:30:45 PM GMT+6","19","Female","Yes","Yes","Both","No","Yes","I'm willing to help","Yes","Maybe","I don't know",""
"2018/07/19 8:33:48 PM GMT+6","22","Female","Yes","Yes","Yes","No","Yes","I'm willing to help","Yes","Yes","5000tk",""
"2018/07/19 8:37:58 PM GMT+6","20","Female","Yes","Yes","I haven't witnessed any","No","Yes","I'm willing to help","Yes","Yes","1000"," I think its important to give the criminals proper punishment to reduce the rate of rape.,besides we should be more concious about this issue."
"2018/07/19 8:40:02 PM GMT+6","21","Female","No","Yes","Yes","No","Yes","For the sake of my own security","Yes","Yes","500-1000","Meyeder chokh kan khola rekhe cholafera kora uchit"
"2018/07/19 8:45:26 PM GMT+6","20","Female","Yes","Yes","Both","Yes","Yes","I'm willing to help","Yes","Yes","3k maximum","I think people (especially girls) need to learn when to speak up against bad things first. And of course taking self defense courses should be helpful. "
"2018/07/19 8:51:08 PM GMT+6","20","Male","Yes","Yes","Both","No","Yes","I'm willing to help","Yes","Yes","4000",""
"2018/07/19 8:51:53 PM GMT+6","21","Female","Yes","No","I haven't witnessed any","Yes","Yes","I'm willing to help","Yes","Yes","Minimum 10k tk","The law should be strict. If we can punish the criminals, the rate of crime will be low. "
"2018/07/19 8:52:03 PM GMT+6","24","Male","No","No","I haven't witnessed any","No","Yes","I'm willing to help","Yes","Yes","10k","Hang them . No other option"
"2018/07/19 8:58:40 PM GMT+6","20","Female","No","Yes","No (it was a theft, hijack etc)","No","Yes","I'm willing to help","Yes","Maybe","1000",""
"2018/07/19 8:58:44 PM GMT+6","22","Male","Yes","Yes","Both","No","Yes","I'm willing to help","Yes","Yes","50000","Strict punishment, awareness, help from law enforcement forces, better laws, better education, better mentality... The list goes on. But all of them are long term, and solving the problem at once seem to be quite impossible considering our socio-economic condition. So baby steps in all of these areas are required at the same time."
"2018/07/19 9:02:02 PM GMT+6","21","Female","Yes","No","Both","No","Yes","I'm willing to help","Yes","Yes","500","By enforcing laws and making our girls physically strong and well trained in martial arts."
"2018/07/19 9:02:24 PM GMT+6"," 21","Female","Yes","Yes","Yes","No","Yes","For the sake of my own security","Yes","Yes","500-1000 tk","People should change the mentalit. But it is next to impossible. So every girl should have the ability to protect themselve.    "
"2018/07/19 9:02:47 PM GMT+6","21","Male","No","Yes","Both","Yes","Yes","I'm willing to help","Yes","Yes","2000",""
"2018/07/19 9:07:47 PM GMT+6","19","Female","Yes","Yes","Yes","No","Yes","For the sake of my own security","Yes","Yes","500 tk","Giving the children moral education from the very childhood and teach them to respect women from then"
"2018/07/19 9:16:24 PM GMT+6","20","Female","Yes","Yes","Yes","Yes","Yes","I'm willing to help","Yes","Yes","1000-1500","Maybe by creating  public awareness "
"2018/07/19 9:17:27 PM GMT+6","35","Male","Yes","Yes","No (it was a theft, hijack etc)","No","Maybe","For the sake of my own security","No","Yes","2000","No"
"2018/07/19 9:21:02 PM GMT+6","21","Female","Yes","Yes","Yes","No","Yes","I'm willing to help","Yes","Yes","upto 5000tk","better application of law and punishment "
"2018/07/19 9:22:35 PM GMT+6","20","Male","Yes","No","No (it was a theft, hijack etc)","No","Maybe","For the sake of my own security","Yes","Yes","Can not understand what kind of security you are talking about. ","Once guilt of rape is proven rapists should be made impotent with mass publicity. CCTV surveilence should be increased in case of hijack and theft. "
"2018/07/19 9:28:09 PM GMT+6","22","Male","No","Yes","Both","Yes","Yes","For the sake of my own security","Yes","Yes","1000",""
"2018/07/19 9:32:14 PM GMT+6","21","Female","Yes","No","Yes","No","Yes","I'm willing to help","I'd help out even if there weren't enough people beside me. ","Maybe","Maximum 300tk","1. Teach girls self-defense crash courses for free from government initiatives (because it's a basic human right that the state failed to provide security and justice for violence against women, it's only fair that they provide something!)
2. Come up with small yet handy tools/equipment to escape any dangerous street confrontation with a potential rapist/hijacker 
3. Create a huge social media platform for girls to talk about their experiences (unanimously or not-however they wish) and share their stories
4. Emergency helpline needed
5. Create workshops and seminars all over the country"
"2018/07/19 9:32:32 PM GMT+6","24","Female","Yes","Yes","Both","No","Yes","I'm willing to help","Yes","Yes","I don't know now. Depends on which facilities the device will serve . ","Yeah. First of all mindset of people of subcontinent countries need to be changed to prevent these crimes. Children(both girls & boys) should be taught from very childhood that there is no superiority about being a man. They should be taught that men & women both have equal rights and both should be treated equally. No gender is bad or superior. Both of these gender has bad & good people. People should be lebelled according to their deeds not according to their genders.
Only punishment of a rapist should be death sentence. "
"2018/07/19 9:39:41 PM GMT+6","20","Female","Yes","Yes","Both","No","Maybe","I'm willing to help","Yes","Yes","Any amount ","Strict Law and it's execution."
"2018/07/19 9:55:02 PM GMT+6","19","Male","No","No","I haven't witnessed any","No","Yes","I'm willing to help","Yes","Yes","1000",""
"2018/07/19 9:59:32 PM GMT+6","28","Female","Yes","Yes","Both","No","Yes","I'm willing to help","Yes","Yes","3500tk","Personal awareness, learning self defence from childhood , carrying pepper spray and ofcourse law should be strict to d culprits."
"2018/07/19 10:11:17 PM GMT+6","18","Female","Yes","No","I haven't witnessed any","No","Yes","I'm willing to help","Yes","Yes","I'm willing to buy it but I'm not sure if I can use it properly when I'm surrounded by bad people","Go for the eye ball"
"2018/07/19 10:11:50 PM GMT+6","21","Male","Yes","No","No (it was a theft, hijack etc)","Yes","Yes","I'm willing to help","Yes","Yes","3000",""
"2018/07/19 10:20:20 PM GMT+6","21","Male","Yes","Yes","No (it was a theft, hijack etc)","No","Yes","I'm willing to help","Yes","Yes","1000tk",""
"2018/07/19 10:25:01 PM GMT+6","21","Female","Yes","Yes","Both","No","Yes","I'm willing to help","Yes","Maybe","1000-1500",""
"2018/07/19 10:26:36 PM GMT+6","21","Male","Yes","No","Yes","Yes","Yes","I'm willing to help","Yes","Yes","No","No"
"2018/07/19 10:26:44 PM GMT+6","21","Male","Yes","Yes","No (it was a theft, hijack etc)","No","Yes","I'm willing to help","Yes","Yes","10000tk","public awareness,religious value,proper use of law"
"2018/07/19 10:30:18 PM GMT+6","20","Female","Yes","Yes","Both","No","Yes","I'm willing to help","Yes","Yes","1000","Having primary knowledge to secure oneself . at first, one should be confident and courageous enough to fight for herself. One can secure herself even with hair pin,safety pin, pepper spray,even with nails and teeth. Just need to know when to attack and how."
"2018/07/19 10:32:23 PM GMT+6","23","Male","No","Yes","No (it was a theft, hijack etc)","No","Maybe","I'm willing to help","Yes","Yes","1500","à¦à¦• à¦•à§‹à¦ª à¦¦à¦¿à§Ÿà§‡ à¦¬à¦¿à¦šà¦¿ à¦•à§‡à¦Ÿà§‡ à¦¦à§‡à¦“à§Ÿà¦¾ à¦‰à¦šà¦¿à¦¤à¥¤ "
"2018/07/19 10:34:45 PM GMT+6","21","Male","No","Yes","Both","Yes","Yes","I'm willing to help","Yes","Yes","1000","conciousness "
"2018/07/19 10:41:21 PM GMT+6","22","Female","No","No","I haven't witnessed any","Yes","Yes","I'm willing to help","Yes","Yes","3000tk","giving noticeable punishment"
"2018/07/19 10:44:45 PM GMT+6","20","Male","Yes","No","No (it was a theft, hijack etc)","No","Maybe","For the sake of my own security","Yes","Yes","500 tk",""
"2018/07/19 10:45:10 PM GMT+6","22","Female","Yes","Yes","Yes","No","Yes","I'm willing to help","Yes","Yes","4000","No."
"2018/07/19 10:46:05 PM GMT+6","22","Female","Yes","Yes","Both","Yes","Maybe","For the sake of my own security","Yes","Yes","4000",""
"2018/07/19 10:47:05 PM GMT+6","23","Male","Yes","Yes","No (it was a theft, hijack etc)","No","Yes","I'm willing to help","Yes","Yes","2000",""
"2018/07/19 10:48:51 PM GMT+6","23","Female","Yes","Yes","Yes","No","Yes","I'm willing to help","Yes","Yes","1000",""
"2018/07/19 10:52:27 PM GMT+6","19","Female","Yes","No","I haven't witnessed any","No","Maybe","For the sake of my own security","Yes","Yes","2000","More punishment "
"2018/07/19 10:52:51 PM GMT+6","22","Female","Yes","Yes","Yes","No","Yes","I'm willing to help","Yes","Maybe","10000","We all should come out for ensuring the security. "
"2018/07/19 10:54:46 PM GMT+6","23","Male","No","No","I haven't witnessed any","Yes","Maybe","For the sake of my own security","Yes","Maybe","5000",""
"2018/07/19 10:55:21 PM GMT+6","21","Female","Yes","Yes","No (it was a theft, hijack etc)","Yes","Yes","I'm willing to help","Yes","Yes","1500","we need to more alert and known about how to keep yourself protected "
"2018/07/19 11:02:04 PM GMT+6","21","Male","Yes","No","I haven't witnessed any","No","Yes","I'm willing to help","Yes","Yes","2000k",""
"2018/07/19 11:02:20 PM GMT+6","19","Female","Yes","No","No (it was a theft, hijack etc)","No","Yes","I'm willing to help","Yes","Yes","Nothing","No"
"2018/07/19 11:06:00 PM GMT+6","19","Female","Yes","No","I haven't witnessed any","No","Yes","I'm willing to help","Yes","Yes","Depend on the security level ",""
"2018/07/19 11:07:14 PM GMT+6","21 years","Male","No","No","I haven't witnessed any","No","Yes","I'm willing to help","Yes","Yes","1k-4k","first thing, the proper enforcement of law is a must. If we can bring the criminals under law and make an example others will fear to do the same crime.
Secondly, People must unite against any such acts. 
Thirdly, females who travel alone must have some kind of protection against such assault and must not fear."
"2018/07/19 11:16:42 PM GMT+6","21","Male","No","Yes","Both","No","Yes","I'm willing to help","Yes","Yes","Depends on the tech's promising feature","Sending some sort of distress call (through a easy to handle tech or something which has to be really feasible expenditure-wise, otherwise, I don't think many people would use it. It can be like a smart band or watch or sth like that which anyone can carry easily) which would be quite simple to do and which everyone nearby will have access to, so that they may come forward in lending their hand to help the ones in need."
"2018/07/19 11:18:19 PM GMT+6","21","Female","Yes","Yes","No (it was a theft, hijack etc)","No","Yes","I'm willing to help","Yes","Maybe","1000","Separate bus service, separate job opportunities for men and women."
"2018/07/19 11:18:44 PM GMT+6","22","Male","Yes","Yes","No (it was a theft, hijack etc)","Yes","Maybe","I'm willing to help","Yes","Yes","10000",""
"2018/07/19 11:19:05 PM GMT+6","20","Female","Yes","Yes","No (it was a theft, hijack etc)","No","Yes","I'm willing to help","Yes","Yes","500","Start raising boys and girls with the same values "
"2018/07/19 11:26:30 PM GMT+6","24","Male","Yes","Yes","Both","Yes","Yes","I'm willing to help","Yes","Yes","3000",""
"2018/07/19 11:36:34 PM GMT+6","21","Female","Yes","Yes","Both","Yes","Yes","I'm willing to help","Yes","Yes","may be...yes 2000-3000 tk","All of us should be very concerned... "
"2018/07/19 11:41:38 PM GMT+6","21","Female","Yes","Yes","Yes","Yes","Yes","I'm willing to help","Yes","Yes","1500 tk","Normal people should have minimum self-defense skills. And carry small weapons (I.e: fork, safetypins, pepper spray)"
"2018/07/19 11:41:58 PM GMT+6","22","Female","Yes","Yes","Yes","No","Yes","I'm willing to help","Yes","Maybe","500 tk",""
"2018/07/19 11:46:38 PM GMT+6","20","Female","Yes","No","No (it was a theft, hijack etc)","No","Maybe","I'm willing to help","Yes","Yes","2000tk","by raising awarness"
"2018/07/19 11:51:49 PM GMT+6","20","Female","Yes","No","No (it was a theft, hijack etc)","No","Yes","I'm willing to help","Yes","Yes","1000tk","Governed have to secure our decree system "
"2018/07/19 11:56:36 PM GMT+6","20","Male","No","Yes","Both","No","Yes","For the sake of my own security","Yes","Yes","1000","public awarness"
"2018/07/20 12:02:17 AM GMT+6","20","Male","Yes","Yes","No (it was a theft, hijack etc)","No","Yes","I'm willing to help","Yes","Yes","500","NO"
"2018/07/20 12:04:34 AM GMT+6","20","Female","Yes","Yes","Yes","No","Yes","I'm willing to help","Yes","Yes","1000tk","no"
"2018/07/20 12:09:00 AM GMT+6","18","Male","No","Yes","No (it was a theft, hijack etc)","Yes","Yes","I'm willing to help","No","Yes","dont know","huminity is way."
"2018/07/20 12:12:40 AM GMT+6","20","Male","No","No","I haven't witnessed any","Yes","Yes","I'm willing to help","Yes","Yes","1000tk","our government should take proper steps to decrease it"
"2018/07/20 12:16:29 AM GMT+6","20","Female","Yes","No","I haven't witnessed any","No","Yes","I'm willing to help","Yes","Yes","5000","By introducing sex ed, raising awareness among the parents about the change of patriarchal parenting style"
"2018/07/20 12:27:51 AM GMT+6","22","Female","Yes","Yes","Both","No","Yes","I'm willing to help","Yes","Yes","2500/=",""
"2018/07/20 12:39:51 AM GMT+6","21","Female","Yes","Yes","Yes","No","Yes","I'm willing to help","Yes","Yes","1000","Rais your child as a human not a man. Treat a woman as a human not just a female. "
"2018/07/20 12:44:39 AM GMT+6","21","Male","No","No","No (it was a theft, hijack etc)","Yes","Yes","I'm willing to help","I wish to help even if i dont get enough people beside me","Yes","I dont think high tech device can save us","We have to build up our conscience. Increasing the punishment can never solve the problem. It will Just scare people but cant change his or her opinions against other genders. For uprooting the problem we need change our mind first. We need to talk to the parents for making thier children from the very beginning than there are several steps which make my answer bit lengthy. So finishing here"
"2018/07/20 1:09:33 AM GMT+6","23","Female","Yes","Yes","Both","Yes","Yes","I'm willing to help","Yes","Maybe","1000tk",""
"2018/07/20 1:31:28 AM GMT+6","21","Male","No","No","I haven't witnessed any","No","Yes","I'm willing to help","Yes","Yes","1000tk","Train up girls to protest the mental or physical offenses. It will reduce a lot "
"2018/07/20 1:43:28 AM GMT+6","20","Male","Yes","Yes","Both","No","Yes","I'm willing to help","Yes","Yes","1000tk","change primary & secondary education system first"
"2018/07/20 2:04:35 AM GMT+6","19","Female","Yes","Yes","Yes","No","Yes","For the sake of my own security","Yes","Yes","3000",""
"2018/07/20 2:07:03 AM GMT+6","21","Female","Yes","Yes","Both","No","Maybe","I'm willing to help","Yes","Yes","Any Amount","No"
"2018/07/20 3:16:22 AM GMT+6","21","Female","Yes","Yes","Both","No","Yes","I'm willing to help","Yes","Yes","Maybe","Increase Security by Law Enforcers"