"","Age","Gender","OwnHome","Married","Location","Salary","Children","History","Catalogs","AmountSpent"
"1","Old","Female","Own","Single","Far",47500,0,"High",6,755
"2","Middle","Male","Rent","Single","Close",63600,0,"High",6,1318
"3","Young","Female","Rent","Single","Close",13500,0,"Low",18,296
"4","Middle","Male","Own","Married","Close",85600,1,"High",18,2436
"5","Middle","Female","Own","Single","Close",68400,0,"High",12,1304
"6","Young","Male","Own","Married","Close",30400,0,"Low",6,495
"7","Middle","Female","Rent","Single","Close",48100,0,"Medium",12,782
"8","Middle","Male","Own","Single","Close",68400,0,"High",18,1155
"9","Middle","Female","Own","Married","Close",51900,3,"Low",6,NA
"10","Old","Male","Own","Married","Far",80700,0,NA,18,3034
"11","Young","Male","Rent","Married","Close",43700,1,NA,12,927
"12","Middle","Male","Own","Married","Far",111800,3,"High",18,2065
"13","Middle","Female","Own","Married","Close",44100,1,"Medium",24,704
"14","Middle","Male","Own","Married","Close",111400,0,"High",12,2136
"15","Old","Female","Own","Married","Far",110000,0,"High",24,5564
"16","Middle","Female","Own","Married","Far",83100,1,NA,12,2766
"17","Old","Female","Own","Married","Close",82800,0,"High",24,3010
"18","Middle","Male","Own","Married","Close",90100,0,"High",18,1956
"19","Middle","Male","Rent","Single","Close",38600,1,"Low",18,542
"20","Old","Female","Rent","Single","Far",14000,0,"Low",12,410
"21","Young","Female","Rent","Single","Far",14300,2,"Low",6,194
"22","Young","Male","Rent","Married","Close",49800,0,"Medium",12,827
"23","Old","Female","Rent","Married","Far",60200,0,"High",18,NA
"24","Young","Male","Rent","Married","Far",43500,1,"Medium",12,808
"25","Young","Female","Rent","Married","Close",41700,1,NA,6,521
"26","Middle","Female","Own","Married","Close",92300,3,"Low",18,655
"27","Middle","Male","Own","Single","Close",62800,3,NA,6,707
"28","Middle","Female","Rent","Married","Far",72900,0,"High",18,2075
"29","Middle","Female","Rent","Married","Close",66900,2,"Medium",12,769
"30","Young","Male","Rent","Single","Close",21700,1,NA,18,774
"31","Old","Female","Rent","Married","Close",39700,0,"Medium",12,573
"32","Middle","Male","Rent","Married","Far",72200,1,"High",12,2082
"33","Middle","Female","Rent","Married","Close",87700,3,NA,24,2446
"34","Middle","Male","Own","Married","Close",104100,0,"High",24,2636
"35","Middle","Male","Rent","Single","Far",67700,0,"High",12,2226
"36","Middle","Female","Own","Single","Close",27000,2,"Low",6,183
"37","Middle","Female","Own","Single","Far",64100,2,"High",24,1595
"38","Middle","Male","Rent","Single","Close",47000,1,"Medium",12,NA
"39","Old","Female","Own","Married","Close",41600,0,NA,18,982
"40","Old","Female","Rent","Single","Close",20100,0,"Low",24,NA
"41","Middle","Male","Own","Single","Close",64000,3,"Low",12,410
"42","Middle","Female","Own","Married","Far",96800,3,NA,24,3082
"43","Middle","Male","Rent","Married","Close",76200,1,NA,24,2437
"44","Old","Female","Rent","Married","Far",81500,0,"High",18,3655
"45","Middle","Female","Own","Single","Close",49600,1,"Medium",12,844
"46","Old","Female","Own","Married","Close",111500,0,"High",18,2510
"47","Middle","Male","Own","Married","Close",77700,0,NA,6,983
"48","Young","Male","Own","Married","Close",58900,0,NA,18,1215
"49","Middle","Male","Own","Married","Close",126500,2,"High",18,2000
"50","Middle","Female","Own","Married","Close",83300,1,"High",24,2574
"51","Middle","Female","Own","Married","Close",90500,1,"High",6,1116
"52","Middle","Female","Own","Married","Far",87200,0,"High",18,3604
"53","Middle","Female","Own","Married","Close",105300,1,NA,24,NA
"54","Middle","Female","Own","Single","Far",56000,3,"Medium",6,530
"55","Middle","Female","Rent","Single","Close",46600,0,"Medium",24,906
"56","Old","Male","Rent","Married","Close",69800,0,"High",24,2764
"57","Middle","Male","Own","Single","Close",60300,0,"High",24,1263
"58","Young","Male","Rent","Married","Close",67800,0,"High",12,1084
"59","Middle","Male","Rent","Single","Close",42300,0,"Medium",24,1051
"60","Young","Female","Own","Married","Far",33700,0,NA,6,614
"61","Middle","Male","Own","Single","Close",62700,2,"Medium",12,704
"62","Young","Female","Own","Single","Close",25900,2,NA,12,449
"63","Young","Female","Own","Single","Close",15600,1,"Low",6,136
"64","Old","Female","Own","Single","Close",14600,0,"Low",24,468
"65","Old","Female","Own","Married","Close",62600,0,"High",6,565
"66","Young","Male","Rent","Married","Close",66700,0,NA,18,NA
"67","Middle","Male","Own","Married","Far",72500,0,NA,24,2595
"68","Young","Female","Rent","Single","Far",13200,0,NA,24,358
"69","Middle","Female","Own","Single","Close",51300,0,"Medium",24,1424
"70","Middle","Male","Own","Single","Far",72300,0,"High",24,4182
"71","Young","Female","Rent","Single","Close",15600,0,NA,12,468
"72","Middle","Female","Own","Married","Far",90400,1,"High",18,2924
"73","Middle","Male","Own","Single","Far",71500,0,NA,6,964
"74","Young","Male","Rent","Single","Close",14400,0,NA,24,615
"75","Young","Male","Rent","Single","Close",15000,3,"Low",6,NA
"76","Middle","Male","Own","Single","Close",57600,1,NA,6,NA
"77","Young","Female","Rent","Married","Close",60600,3,"Low",12,307
"78","Middle","Male","Own","Married","Far",84300,2,"High",18,1648
"79","Young","Female","Own","Single","Close",24400,1,"Low",6,220
"80","Young","Female","Rent","Single","Close",22100,2,"Low",18,280
"81","Middle","Male","Rent","Married","Far",48800,2,NA,12,1647
"82","Middle","Female","Own","Married","Close",74700,1,"Medium",6,NA
"83","Young","Female","Rent","Single","Far",32400,1,"Medium",24,920
"84","Old","Female","Own","Single","Close",11400,0,NA,6,258
"85","Middle","Male","Own","Married","Close",127000,0,NA,12,1821
"86","Middle","Male","Rent","Single","Close",47200,0,"Medium",18,1587
"87","Middle","Female","Own","Single","Close",48700,2,"Low",12,528
"88","Young","Male","Rent","Single","Far",20400,0,"Medium",18,NA
"89","Middle","Male","Rent","Single","Close",39000,0,NA,6,643
"90","Young","Female","Rent","Single","Close",12900,1,"Low",6,NA
"91","Middle","Female","Rent","Married","Far",67300,1,"High",18,1513
"92","Old","Male","Own","Married","Close",134500,0,"High",24,NA
"93","Old","Male","Own","Married","Close",75500,0,"High",6,NA
"94","Old","Female","Own","Married","Far",33600,2,"Medium",12,805
"95","Young","Female","Rent","Single","Close",16300,1,NA,12,470
"96","Young","Male","Rent","Married","Close",27400,1,"Low",6,278
"97","Middle","Female","Own","Married","Close",110400,3,"Low",24,1093
"98","Young","Female","Rent","Single","Far",21100,1,"Low",6,NA
"99","Middle","Male","Own","Married","Close",81200,0,"High",24,NA
"100","Middle","Male","Rent","Married","Far",87100,2,"High",18,1688
"101","Young","Female","Rent","Single","Far",21700,3,NA,24,708
"102","Middle","Female","Rent","Single","Close",42200,0,NA,18,1753
"103","Middle","Male","Rent","Single","Far",59000,0,"High",24,3044
"104","Middle","Female","Own","Single","Close",52700,2,"Low",18,NA
"105","Young","Male","Own","Single","Close",20900,0,"Low",24,550
"106","Middle","Male","Own","Married","Far",90700,3,"High",24,2265
"107","Old","Female","Own","Married","Far",91800,0,NA,24,2452
"108","Young","Female","Own","Single","Far",27900,0,"Medium",18,1184
"109","Old","Female","Own","Married","Close",70700,0,"High",24,2150
"110","Middle","Male","Own","Married","Close",79600,2,NA,6,1575
"111","Middle","Male","Rent","Married","Close",96400,1,"High",24,1822
"112","Middle","Female","Own","Single","Close",46600,2,NA,18,1153
"113","Old","Male","Own","Married","Close",106600,0,"High",12,1877
"114","Middle","Female","Rent","Married","Close",104900,3,"Low",6,450
"115","Old","Male","Rent","Single","Close",56300,0,"Medium",6,873
"116","Young","Female","Rent","Single","Close",14800,1,"Low",6,209
"117","Old","Male","Own","Married","Close",58300,0,"Medium",24,1472
"118","Middle","Male","Own","Single","Far",70200,0,"High",12,1702
"119","Old","Male","Own","Married","Far",59700,0,"High",18,1857
"120","Young","Male","Rent","Single","Close",25800,0,NA,6,NA
"121","Young","Female","Rent","Single","Close",12000,0,"Low",24,344
"122","Middle","Male","Rent","Single","Far",51900,0,"High",18,1492
"123","Middle","Female","Own","Single","Far",66800,3,NA,24,NA
"124","Middle","Male","Own","Married","Close",105300,1,NA,18,3505
"125","Young","Female","Rent","Single","Far",13800,3,"Low",6,127
"126","Young","Male","Rent","Single","Close",14800,3,NA,12,436
"127","Middle","Female","Own","Married","Far",44200,0,"High",24,2524
"128","Young","Male","Rent","Single","Close",10400,0,NA,18,189
"129","Middle","Female","Own","Single","Close",35200,0,"Medium",12,607
"130","Young","Female","Rent","Single","Far",16100,0,NA,6,202
"131","Middle","Male","Own","Married","Close",113000,2,"Medium",18,1554
"132","Middle","Male","Own","Married","Close",63300,2,NA,6,633
"133","Young","Male","Rent","Single","Close",19100,0,NA,6,176
"134","Middle","Female","Own","Married","Close",93400,2,NA,24,3079
"135","Old","Female","Rent","Married","Far",52500,0,"High",24,2038
"136","Middle","Female","Rent","Married","Far",45400,3,"Medium",24,1203
"137","Young","Female","Own","Single","Far",21400,3,NA,6,326
"138","Middle","Female","Own","Single","Close",53700,3,"Low",12,235
"139","Young","Female","Own","Married","Far",68000,0,"High",24,3688
"140","Young","Male","Rent","Single","Close",17400,0,NA,12,332
"141","Young","Female","Rent","Single","Close",14600,1,"Low",6,143
"142","Old","Female","Own","Married","Far",100100,0,"High",12,3104
"143","Middle","Male","Own","Married","Far",103700,1,"High",24,2339
"144","Young","Female","Rent","Single","Far",10800,3,"Low",6,123
"145","Middle","Female","Own","Married","Close",81700,3,"Low",24,879
"146","Old","Female","Rent","Single","Close",21400,0,"Low",18,498
"147","Old","Female","Own","Married","Close",114800,0,"High",18,3596
"148","Old","Female","Own","Married","Far",67900,0,"High",24,NA
"149","Middle","Male","Own","Married","Close",53700,1,NA,12,1081
"150","Young","Female","Rent","Single","Far",11400,3,NA,12,312
"151","Young","Male","Rent","Married","Close",34300,3,NA,12,1297
"152","Young","Female","Rent","Single","Close",16400,1,"Low",12,218
"153","Middle","Female","Own","Married","Far",109800,0,"High",18,4279
"154","Middle","Male","Own","Single","Close",64200,0,"High",18,1642
"155","Young","Male","Rent","Single","Close",17000,0,NA,18,581
"156","Middle","Female","Rent","Single","Close",41400,3,"Low",6,223
"157","Middle","Female","Own","Single","Close",49100,2,"Low",6,474
"158","Old","Female","Own","Single","Far",42600,0,"High",24,1790
"159","Young","Female","Rent","Single","Close",11900,1,"Low",6,143
"160","Middle","Male","Own","Married","Far",113600,2,"High",18,3237
"161","Middle","Male","Own","Single","Close",52900,1,NA,24,2316
"162","Young","Female","Rent","Single","Close",14300,1,NA,18,458
"163","Young","Male","Rent","Single","Close",21000,0,"Low",24,646
"164","Middle","Male","Own","Single","Far",59600,2,"Medium",18,1217
"165","Middle","Female","Rent","Single","Close",39700,3,"Low",12,238
"166","Old","Male","Own","Married","Close",51200,0,"Medium",12,1293
"167","Middle","Female","Own","Married","Close",88200,0,NA,24,NA
"168","Middle","Male","Own","Married","Far",122100,0,"High",12,2408
"169","Old","Female","Rent","Married","Close",84800,0,"High",18,2624
"170","Middle","Male","Own","Married","Far",140000,0,"High",12,NA
"171","Old","Female","Own","Single","Close",28500,0,"Low",24,621
"172","Middle","Male","Rent","Single","Close",60300,0,"High",6,NA
"173","Young","Female","Rent","Married","Far",51900,0,NA,6,NA
"174","Middle","Male","Own","Single","Close",60200,0,"Medium",12,1365
"175","Middle","Male","Own","Married","Far",81200,0,"High",12,NA
"176","Old","Male","Own","Married","Close",73100,0,"High",6,1582
"177","Old","Male","Own","Single","Close",45700,0,"Medium",18,724
"178","Old","Female","Rent","Single","Close",28900,0,"Low",12,830
"179","Young","Female","Rent","Married","Close",60100,0,NA,18,1594
"180","Middle","Female","Own","Married","Close",84800,1,NA,12,1826
"181","Old","Female","Own","Married","Close",35000,0,"Medium",6,473
"182","Young","Female","Rent","Married","Close",61700,0,NA,12,1161
"183","Old","Female","Rent","Married","Close",46900,0,"Medium",6,703
"184","Middle","Female","Own","Married","Close",123600,1,NA,12,1892
"185","Young","Male","Rent","Married","Close",45800,0,"Medium",6,489
"186","Middle","Male","Own","Married","Far",77800,1,"High",18,1813
"187","Middle","Female","Own","Single","Close",48700,1,NA,12,1457
"188","Middle","Female","Rent","Single","Far",39000,3,"Low",6,292
"189","Young","Female","Rent","Married","Close",40000,0,NA,6,613
"190","Middle","Female","Rent","Married","Close",118300,1,NA,18,2681
"191","Young","Female","Own","Single","Close",27100,2,"Low",24,NA
"192","Middle","Female","Rent","Married","Close",91000,2,"Medium",6,708
"193","Middle","Female","Own","Married","Close",35300,0,"Medium",24,1093
"194","Young","Female","Rent","Single","Far",10200,2,"Low",18,213
"195","Young","Female","Rent","Single","Close",12500,1,"Low",6,202
"196","Old","Female","Own","Single","Close",64600,0,NA,6,1298
"197","Middle","Male","Own","Married","Far",113800,0,NA,12,3273
"198","Middle","Male","Own","Married","Far",113400,3,"High",18,1790
"199","Young","Female","Rent","Single","Close",16900,1,"Low",6,247
"200","Young","Female","Rent","Single","Close",13600,1,"Low",6,183
"201","Middle","Male","Own","Married","Far",100100,1,"High",24,3491
"202","Old","Female","Own","Married","Far",80000,0,"High",6,1985
"203","Middle","Male","Own","Married","Close",83900,0,"High",24,NA
"204","Middle","Male","Own","Married","Close",77000,0,"High",12,NA
"205","Middle","Female","Rent","Married","Close",72900,3,"Low",6,252
"206","Young","Male","Rent","Married","Close",80700,3,"Low",6,202
"207","Young","Female","Rent","Married","Close",40900,1,"Medium",18,962
"208","Young","Female","Rent","Single","Close",26700,1,NA,12,459
"209","Middle","Male","Own","Married","Close",54700,0,"Medium",18,848
"210","Old","Female","Rent","Married","Close",23600,1,"Low",6,161
"211","Middle","Male","Rent","Single","Far",56900,0,"High",24,1857
"212","Middle","Male","Own","Single","Far",68700,1,NA,24,1699
"213","Young","Female","Rent","Single","Close",19300,1,"Low",24,308
"214","Young","Male","Rent","Married","Far",20200,1,"Low",24,500
"215","Middle","Female","Rent","Married","Far",61500,3,"Medium",24,1162
"216","Middle","Female","Own","Married","Far",101700,1,NA,24,2551
"217","Middle","Female","Rent","Married","Far",120800,1,"High",24,5830
"218","Young","Female","Rent","Single","Far",17300,1,"Low",18,381
"219","Young","Female","Rent","Married","Close",42300,0,NA,6,856
"220","Middle","Male","Rent","Single","Close",53300,0,"Medium",18,1720
"221","Middle","Female","Rent","Single","Close",42800,0,"Medium",12,759
"222","Middle","Male","Own","Married","Close",98400,0,"High",18,3305
"223","Middle","Female","Own","Single","Close",51200,0,"Medium",18,1257
"224","Old","Male","Own","Single","Close",62200,0,NA,12,1583
"225","Middle","Male","Own","Married","Close",109200,3,"Low",24,1102
"226","Young","Female","Rent","Single","Close",11400,2,NA,6,186
"227","Young","Female","Rent","Single","Close",14000,0,"Low",12,229
"228","Old","Female","Rent","Married","Close",97000,0,NA,24,2599
"229","Young","Female","Own","Single","Far",29600,3,NA,12,774
"230","Old","Male","Own","Married","Close",71200,1,"Medium",12,638
"231","Old","Female","Rent","Single","Far",15000,0,"Low",12,378
"232","Middle","Male","Rent","Married","Far",64000,1,NA,6,1552
"233","Old","Male","Own","Married","Far",33000,0,"Medium",12,979
"234","Old","Female","Own","Married","Close",74400,0,"High",18,NA
"235","Young","Male","Rent","Single","Far",20300,2,"Low",24,NA
"236","Middle","Male","Rent","Married","Close",68700,0,"High",24,2763
"237","Young","Male","Rent","Married","Far",53600,3,"Medium",24,1560
"238","Old","Female","Own","Single","Close",33200,0,"Medium",24,1037
"239","Young","Female","Own","Married","Far",70900,0,NA,6,690
"240","Young","Female","Rent","Single","Close",23200,3,NA,24,770
"241","Young","Male","Own","Single","Close",41400,0,"Medium",18,643
"242","Young","Female","Rent","Married","Close",63200,0,"High",24,1512
"243","Old","Male","Own","Married","Close",107400,0,"High",12,1485
"244","Young","Male","Rent","Single","Far",13900,0,NA,24,NA
"245","Middle","Female","Rent","Married","Close",79900,1,"Medium",18,1165
"246","Middle","Male","Own","Married","Far",120000,3,"High",18,1926
"247","Old","Male","Rent","Married","Far",66300,0,NA,18,2243
"248","Middle","Female","Own","Single","Close",54400,3,"Low",18,342
"249","Middle","Male","Own","Married","Close",84200,0,"High",24,1654
"250","Young","Female","Rent","Married","Close",13800,0,"Low",18,363
"251","Young","Female","Rent","Single","Far",14500,1,"Low",6,222
"252","Young","Male","Rent","Single","Close",21300,0,"Low",24,677
"253","Old","Male","Rent","Single","Close",29000,0,"Low",6,482
"254","Old","Female","Rent","Single","Close",14600,1,"Low",24,385
"255","Old","Male","Own","Single","Close",65300,0,"High",18,1443
"256","Middle","Female","Own","Married","Close",100800,1,"High",24,1789
"257","Young","Female","Rent","Single","Far",19800,1,"Low",24,991
"258","Middle","Male","Own","Single","Close",56700,2,"Low",18,536
"259","Old","Male","Rent","Married","Close",90200,0,"High",18,2183
"260","Young","Male","Rent","Single","Close",26100,1,NA,6,494
"261","Young","Female","Rent","Single","Close",15900,0,"Low",18,503
"262","Young","Female","Rent","Single","Close",12700,3,"Low",12,NA
"263","Middle","Male","Rent","Single","Close",43200,0,NA,24,917
"264","Middle","Female","Rent","Married","Close",114100,1,NA,24,1976
"265","Middle","Male","Own","Married","Close",96100,3,"Low",12,316
"266","Middle","Male","Own","Married","Close",97200,0,NA,12,1634
"267","Middle","Male","Own","Married","Far",82400,2,"High",24,2035
"268","Old","Male","Own","Single","Far",62000,0,"High",24,3293
"269","Young","Female","Rent","Single","Close",13400,1,"Low",12,143
"270","Middle","Male","Own","Married","Close",108200,3,"Low",12,635
"271","Young","Female","Own","Married","Close",76200,0,"High",12,979
"272","Middle","Male","Rent","Married","Close",81800,1,"High",18,1838
"273","Young","Female","Rent","Single","Far",12000,0,"Low",6,NA
"274","Middle","Male","Own","Married","Close",76100,0,NA,6,719
"275","Middle","Male","Own","Married","Close",82100,1,"High",18,1308
"276","Old","Female","Own","Married","Close",103300,0,"High",24,NA
"277","Young","Male","Rent","Single","Close",14200,1,NA,24,400
"278","Middle","Female","Own","Single","Far",47500,0,"High",6,847
"279","Young","Female","Rent","Single","Close",31300,1,"Low",6,357
"280","Young","Female","Rent","Married","Far",32700,1,NA,18,1276
"281","Middle","Male","Own","Married","Close",72200,0,"High",24,2492
"282","Middle","Female","Own","Married","Close",107600,2,"Medium",12,1512
"283","Middle","Male","Own","Married","Close",109900,2,"Medium",12,870
"284","Middle","Female","Own","Married","Close",65400,2,"Medium",24,938
"285","Old","Female","Own","Single","Close",43300,0,NA,12,1584
"286","Old","Female","Own","Single","Close",51900,0,"Medium",12,1148
"287","Middle","Female","Own","Married","Far",80600,0,"High",24,2840
"288","Middle","Female","Rent","Single","Close",42700,0,"Medium",12,827
"289","Young","Male","Rent","Single","Far",19000,0,NA,12,428
"290","Young","Female","Rent","Single","Close",14500,1,"Low",6,183
"291","Middle","Female","Own","Married","Close",68200,1,NA,6,818
"292","Young","Male","Rent","Married","Close",36700,0,"Medium",12,NA
"293","Old","Male","Own","Married","Far",54600,0,"High",24,2163
"294","Middle","Male","Own","Married","Close",65900,1,"Medium",12,1081
"295","Young","Male","Own","Single","Far",39600,0,NA,12,1085
"296","Young","Male","Rent","Married","Far",67300,3,NA,6,1212
"297","Middle","Male","Own","Single","Close",59700,1,NA,18,NA
"298","Middle","Female","Own","Married","Far",102800,2,"High",18,2238
"299","Middle","Female","Rent","Single","Close",34700,0,NA,18,1615
"300","Middle","Male","Own","Single","Close",50600,3,NA,6,713
"301","Middle","Male","Rent","Married","Close",106700,2,"Medium",6,607
"302","Middle","Male","Rent","Single","Close",53900,1,"Medium",6,735
"303","Young","Female","Rent","Married","Close",25500,2,"Low",6,139
"304","Young","Male","Rent","Married","Far",46300,1,"Medium",18,1357
"305","Old","Male","Own","Married","Close",55500,0,"Medium",18,858
"306","Young","Female","Own","Single","Close",27800,3,NA,12,408
"307","Middle","Male","Own","Married","Close",118600,1,NA,12,1553
"308","Middle","Female","Own","Married","Close",130700,3,NA,6,2070
"309","Old","Male","Rent","Single","Close",42800,0,"Medium",12,922
"310","Middle","Female","Own","Married","Far",118300,1,"High",12,2502
"311","Young","Female","Rent","Single","Far",25600,2,NA,18,426
"312","Middle","Male","Rent","Married","Close",63500,2,NA,24,NA
"313","Old","Female","Own","Single","Close",30900,0,"Medium",18,862
"314","Middle","Male","Own","Single","Close",55900,1,NA,24,2555
"315","Middle","Male","Own","Single","Far",53900,0,NA,12,1186
"316","Old","Male","Own","Married","Close",84300,0,"High",24,2842
"317","Old","Male","Own","Single","Close",53400,1,"Medium",12,886
"318","Middle","Male","Own","Married","Close",96900,1,"High",12,1420
"319","Middle","Male","Rent","Single","Far",55800,1,NA,6,821
"320","Young","Female","Rent","Married","Close",25900,1,"Low",6,242
"321","Young","Female","Rent","Single","Close",22000,1,"Low",12,472
"322","Middle","Female","Rent","Married","Close",96700,2,"Medium",12,1231
"323","Middle","Female","Rent","Single","Close",40200,1,NA,12,881
"324","Old","Male","Own","Married","Close",26800,0,"Low",12,435
"325","Young","Female","Rent","Single","Close",16700,2,"Low",12,108
"326","Young","Female","Rent","Married","Close",40900,2,"Low",18,576
"327","Young","Male","Rent","Married","Far",41500,3,NA,24,1314
"328","Young","Male","Rent","Single","Close",20900,0,NA,6,296
"329","Young","Female","Rent","Married","Close",69700,2,"Medium",6,584
"330","Middle","Male","Rent","Single","Close",61800,0,"High",24,1156
"331","Middle","Male","Own","Married","Close",102500,1,"High",24,2464
"332","Middle","Female","Own","Married","Close",48900,3,NA,18,915
"333","Middle","Male","Own","Single","Close",60300,0,NA,24,2091
"334","Young","Male","Rent","Married","Far",41600,0,"High",24,1690
"335","Middle","Male","Own","Single","Close",73700,1,"Medium",12,1274
"336","Young","Female","Rent","Single","Close",27000,1,NA,24,1012
"337","Middle","Female","Rent","Single","Close",43700,0,"Medium",12,950
"338","Young","Male","Rent","Single","Close",10200,2,NA,12,333
"339","Middle","Female","Own","Married","Close",63300,2,"Medium",24,679
"340","Young","Female","Own","Single","Far",33200,2,"Medium",12,607
"341","Old","Female","Own","Married","Far",78800,0,"High",18,3398
"342","Middle","Male","Own","Married","Close",82500,0,"High",6,859
"343","Middle","Male","Own","Single","Far",80800,2,"High",18,2444
"344","Middle","Male","Own","Married","Close",88100,2,"Medium",24,1078
"345","Middle","Male","Rent","Married","Far",124800,3,"High",18,2537
"346","Young","Male","Own","Single","Close",31900,0,"Medium",6,616
"347","Middle","Female","Own","Single","Close",53300,3,NA,6,508
"348","Old","Male","Own","Married","Far",15400,0,"Low",6,297
"349","Middle","Male","Own","Married","Close",70200,0,NA,6,1583
"350","Young","Female","Rent","Single","Close",23000,3,"Low",6,79
"351","Middle","Female","Own","Married","Close",82400,2,"Medium",18,657
"352","Middle","Female","Own","Married","Close",97900,0,"High",24,2149
"353","Old","Female","Rent","Married","Far",88400,0,"High",18,3632
"354","Middle","Female","Own","Married","Close",86900,0,"High",18,2230
"355","Middle","Female","Own","Single","Close",45100,1,"Medium",12,448
"356","Middle","Male","Rent","Single","Close",41800,3,"Low",24,301
"357","Old","Male","Own","Married","Close",74800,0,"High",18,1968
"358","Middle","Female","Rent","Married","Close",73000,1,"Medium",6,490
"359","Middle","Male","Own","Married","Close",118500,1,"High",24,3063
"360","Middle","Male","Own","Single","Close",65300,3,"Low",6,193
"361","Middle","Female","Rent","Married","Close",66300,2,"Medium",12,544
"362","Middle","Male","Own","Married","Far",103900,1,"High",24,2666
"363","Middle","Female","Own","Married","Close",71900,0,"High",18,1846
"364","Middle","Male","Own","Married","Far",86100,1,NA,12,1255
"365","Middle","Male","Own","Married","Close",96300,1,"High",12,1081
"366","Young","Female","Rent","Single","Close",10200,3,NA,6,199
"367","Middle","Male","Own","Married","Close",96300,2,NA,18,3916
"368","Old","Female","Own","Single","Far",24000,1,"Low",6,357
"369","Middle","Female","Rent","Married","Close",46700,0,"Medium",24,983
"370","Middle","Female","Rent","Single","Close",53700,2,NA,12,1194
"371","Middle","Male","Rent","Married","Close",108300,2,NA,12,2224
"372","Young","Female","Rent","Single","Close",12100,1,"Low",6,90
"373","Young","Male","Rent","Married","Close",36600,0,NA,6,587
"374","Old","Male","Own","Married","Close",66300,0,"High",12,1088
"375","Young","Female","Own","Single","Close",33400,1,NA,6,617
"376","Middle","Male","Own","Married","Far",70000,1,NA,6,1227
"377","Middle","Female","Own","Single","Close",47900,1,"Medium",24,662
"378","Middle","Female","Rent","Married","Close",40500,2,"Low",18,622
"379","Old","Male","Own","Single","Close",69100,0,"High",12,1477
"380","Young","Female","Rent","Single","Close",13300,1,NA,6,236
"381","Middle","Female","Rent","Married","Far",75800,1,"High",12,NA
"382","Middle","Female","Rent","Married","Close",48600,0,"Medium",24,1583
"383","Old","Female","Own","Single","Close",39600,0,"Medium",12,610
"384","Young","Female","Rent","Single","Close",11700,0,"Low",12,193
"385","Young","Male","Rent","Married","Close",52600,1,"Medium",12,1052
"386","Young","Male","Rent","Single","Close",14600,3,NA,6,307
"387","Old","Male","Own","Married","Close",123000,0,"High",24,3671
"388","Old","Female","Rent","Married","Far",64600,0,"High",18,2206
"389","Middle","Female","Own","Single","Far",34600,2,"Medium",18,748
"390","Middle","Male","Own","Married","Close",74500,0,"High",6,NA
"391","Old","Male","Own","Married","Close",56600,0,NA,24,1607
"392","Old","Female","Rent","Single","Close",37000,1,NA,6,632
"393","Young","Female","Rent","Single","Far",18400,1,"Low",6,303
"394","Young","Male","Rent","Single","Close",25000,0,"Low",6,264
"395","Middle","Male","Own","Married","Far",61400,1,"High",24,1575
"396","Middle","Male","Own","Married","Close",76400,2,"Medium",18,881
"397","Young","Male","Own","Married","Close",55100,0,"Medium",18,NA
"398","Old","Female","Own","Married","Far",22800,0,NA,12,452
"399","Old","Female","Own","Married","Close",10100,1,"Low",6,93
"400","Young","Male","Rent","Single","Close",17800,0,"Low",18,292
"401","Middle","Female","Own","Married","Close",59100,1,NA,6,1426
"402","Young","Female","Rent","Single","Far",19700,2,"Low",6,330
"403","Middle","Male","Own","Married","Far",73800,0,"High",24,3120
"404","Middle","Male","Own","Married","Far",113300,1,"High",18,5151
"405","Middle","Male","Own","Married","Far",118400,2,NA,12,3941
"406","Middle","Male","Own","Married","Close",92300,1,NA,24,2141
"407","Young","Male","Rent","Single","Close",11200,0,NA,6,106
"408","Young","Female","Rent","Married","Far",30100,0,"Medium",12,530
"409","Middle","Female","Own","Single","Close",43500,1,"Medium",12,500
"410","Middle","Male","Own","Married","Close",97500,0,"High",18,2837
"411","Old","Male","Own","Married","Close",54600,0,"Medium",24,1246
"412","Middle","Male","Rent","Single","Far",42500,1,NA,6,798
"413","Middle","Male","Own","Single","Close",82800,0,NA,6,1544
"414","Old","Male","Own","Married","Far",62300,0,"High",24,NA
"415","Young","Male","Rent","Single","Far",21900,2,NA,6,192
"416","Middle","Female","Rent","Single","Far",35600,3,"Low",18,865
"417","Middle","Male","Own","Married","Close",96900,0,"High",6,1159
"418","Young","Female","Rent","Married","Close",36900,1,NA,18,1480
"419","Middle","Female","Rent","Married","Close",93500,1,"High",18,1426
"420","Middle","Male","Own","Married","Close",97300,1,NA,12,3048
"421","Young","Male","Rent","Single","Close",21900,0,"Low",12,NA
"422","Middle","Male","Rent","Single","Close",63000,0,"High",24,1910
"423","Young","Female","Rent","Single","Close",11500,3,NA,6,NA
"424","Middle","Male","Own","Single","Close",44600,2,"Low",6,236
"425","Young","Female","Rent","Single","Close",21900,1,NA,12,576
"426","Middle","Male","Rent","Single","Far",45100,1,"Medium",12,794
"427","Old","Female","Own","Married","Close",74900,0,"High",12,1474
"428","Young","Male","Rent","Single","Close",14200,0,"Low",6,250
"429","Young","Female","Rent","Single","Far",23200,2,NA,24,788
"430","Old","Male","Own","Married","Close",73300,0,NA,12,NA
"431","Old","Male","Own","Married","Far",41300,0,"High",24,1985
"432","Old","Female","Own","Single","Far",32700,0,"Medium",24,1252
"433","Old","Female","Own","Single","Close",35200,0,NA,12,827
"434","Young","Female","Rent","Single","Close",13100,0,NA,18,314
"435","Middle","Male","Own","Married","Close",97400,1,"High",6,880
"436","Young","Female","Rent","Single","Far",23100,2,"Low",6,466
"437","Middle","Male","Own","Single","Close",49200,3,"Low",12,210
"438","Middle","Male","Own","Single","Far",45000,1,NA,18,902
"439","Middle","Male","Own","Married","Close",87200,0,"High",18,1274
"440","Middle","Male","Own","Single","Close",49900,1,NA,24,1631
"441","Middle","Male","Own","Married","Close",66900,0,"High",12,1220
"442","Middle","Female","Own","Single","Close",47600,1,"Medium",12,801
"443","Middle","Female","Own","Single","Close",47900,0,NA,12,1090
"444","Middle","Male","Own","Single","Close",59400,0,"Medium",18,1699
"445","Middle","Female","Rent","Single","Close",32700,2,"Low",6,273
"446","Middle","Male","Rent","Single","Close",34200,1,"Low",18,523
"447","Middle","Male","Own","Married","Close",96600,0,NA,12,1437
"448","Middle","Female","Own","Married","Close",126300,1,"High",6,1888
"449","Young","Male","Rent","Single","Close",31600,1,NA,12,476
"450","Middle","Female","Own","Married","Far",108100,3,"High",18,2632
"451","Middle","Female","Rent","Single","Close",43300,3,"Low",24,326
"452","Old","Female","Rent","Single","Far",17900,0,"Low",6,NA
"453","Middle","Male","Own","Single","Far",50100,1,"High",18,1071
"454","Old","Female","Own","Married","Close",74700,0,"High",12,1699
"455","Old","Male","Rent","Married","Close",60000,0,"Medium",6,966
"456","Young","Male","Own","Single","Close",33400,0,NA,12,567
"457","Middle","Female","Rent","Married","Close",68800,0,NA,6,1658
"458","Middle","Female","Rent","Single","Close",25700,2,"Low",6,173
"459","Middle","Male","Own","Married","Close",83700,0,"High",24,3344
"460","Middle","Male","Rent","Single","Close",50500,0,"Medium",12,1029
"461","Young","Female","Rent","Single","Close",17300,0,"Low",12,NA
"462","Middle","Male","Own","Single","Close",45800,0,NA,6,712
"463","Old","Male","Own","Married","Close",108900,0,"High",12,NA
"464","Middle","Female","Rent","Married","Close",60500,2,"Low",6,409
"465","Old","Female","Own","Married","Far",84100,0,"High",18,2710
"466","Young","Male","Rent","Married","Far",25100,0,"Medium",12,592
"467","Middle","Male","Own","Married","Close",69900,1,NA,18,2101
"468","Middle","Male","Own","Married","Close",97100,0,NA,12,1473
"469","Middle","Female","Own","Married","Close",72200,2,"Medium",18,715
"470","Old","Female","Own","Married","Far",78900,0,"High",18,2233
"471","Middle","Female","Own","Single","Far",62500,3,NA,6,921
"472","Young","Female","Rent","Single","Close",17800,1,"Low",6,216
"473","Middle","Female","Own","Married","Close",105500,1,"High",6,1781
"474","Middle","Female","Own","Single","Close",46100,2,"Low",12,418
"475","Young","Male","Rent","Single","Close",27100,1,"Low",12,268
"476","Young","Male","Rent","Married","Far",60300,1,NA,6,1252
"477","Young","Female","Rent","Single","Close",12000,0,"Low",6,NA
"478","Middle","Female","Own","Single","Close",48400,0,"Medium",12,992
"479","Middle","Male","Rent","Single","Close",45600,0,"Medium",18,1388
"480","Middle","Female","Own","Single","Close",35200,2,"Low",6,233
"481","Middle","Male","Rent","Single","Far",60200,0,"High",24,2304
"482","Middle","Female","Rent","Married","Far",53900,1,"High",18,NA
"483","Middle","Male","Own","Married","Close",70400,2,NA,12,NA
"484","Young","Male","Rent","Married","Close",36900,0,"Medium",18,721
"485","Old","Female","Own","Single","Close",36100,0,"Medium",12,438
"486","Young","Female","Rent","Single","Close",11000,2,NA,18,393
"487","Middle","Male","Own","Single","Close",61600,0,NA,18,NA
"488","Middle","Male","Own","Married","Close",88700,1,NA,18,2448
"489","Middle","Female","Own","Married","Far",88600,1,"High",18,2563
"490","Middle","Male","Rent","Married","Close",79500,0,"High",18,1763
"491","Young","Female","Rent","Single","Close",18900,1,"Low",6,184
"492","Old","Female","Own","Single","Close",17300,0,"Low",6,166
"493","Middle","Female","Rent","Married","Close",81400,2,NA,6,1014
"494","Young","Male","Rent","Married","Close",36500,0,"Medium",24,1140
"495","Middle","Female","Own","Single","Close",43300,1,NA,18,1021
"496","Middle","Male","Own","Married","Close",76700,1,"Medium",24,1431
"497","Middle","Male","Own","Married","Far",123000,1,"High",24,NA
"498","Middle","Male","Own","Single","Close",56300,3,"Low",6,NA
"499","Middle","Male","Own","Married","Close",70000,0,"High",24,1974
"500","Middle","Male","Own","Single","Close",48100,0,"Medium",18,1640
"501","Young","Female","Rent","Married","Close",79400,0,NA,6,1175
"502","Middle","Female","Own","Married","Close",63700,3,"Low",12,364
"503","Young","Male","Rent","Single","Close",21200,0,NA,12,417
"504","Middle","Male","Rent","Single","Close",53900,0,"Medium",12,1060
"505","Old","Female","Own","Married","Close",118800,0,"High",18,2176
"506","Middle","Female","Own","Married","Close",79400,3,"Low",6,200
"507","Old","Female","Rent","Single","Far",20400,0,NA,24,513
"508","Middle","Male","Rent","Single","Close",52400,0,NA,18,857
"509","Old","Female","Own","Single","Close",17600,0,"Low",6,NA
"510","Young","Male","Rent","Single","Close",23500,0,"Low",12,371
"511","Young","Male","Rent","Married","Close",56900,2,"Low",12,687
"512","Middle","Male","Own","Married","Close",95100,2,"Medium",12,809
"513","Middle","Male","Own","Married","Close",119800,2,"Medium",24,NA
"514","Old","Male","Own","Single","Close",58700,0,NA,24,1479
"515","Middle","Female","Own","Married","Close",76700,2,"Medium",6,NA
"516","Middle","Male","Own","Married","Close",67600,1,"Medium",18,1172
"517","Middle","Male","Own","Single","Close",61500,2,"Medium",24,968
"518","Old","Female","Own","Married","Close",72900,0,"High",6,753
"519","Old","Female","Rent","Single","Close",21200,0,"Low",6,242
"520","Old","Male","Rent","Single","Close",32400,1,"Low",12,515
"521","Middle","Female","Own","Married","Close",62200,3,NA,24,NA
"522","Old","Female","Own","Single","Close",24400,0,"Low",6,491
"523","Middle","Male","Own","Married","Close",66500,3,"Low",12,286
"524","Old","Female","Rent","Married","Far",72200,0,"High",24,3069
"525","Young","Female","Rent","Single","Close",16900,2,NA,6,281
"526","Young","Male","Rent","Married","Close",56300,0,NA,24,1608
"527","Old","Female","Own","Single","Far",22000,0,"Medium",12,736
"528","Young","Female","Rent","Single","Close",18800,2,"Low",18,170
"529","Young","Female","Rent","Single","Close",26600,2,"Low",24,245
"530","Middle","Female","Rent","Married","Close",72100,0,"High",24,3052
"531","Middle","Male","Own","Single","Far",55600,0,"High",18,1786
"532","Young","Female","Rent","Single","Close",14600,3,"Low",6,47
"533","Old","Male","Own","Married","Close",45900,0,"Medium",24,1645
"534","Young","Female","Own","Single","Close",15100,0,"Low",6,NA
"535","Middle","Male","Own","Married","Close",140700,3,"Medium",12,1001
"536","Middle","Male","Own","Married","Close",90300,0,"High",24,1944
"537","Old","Male","Own","Married","Close",95900,0,"High",24,2585
"538","Young","Male","Rent","Single","Far",20800,0,NA,6,260
"539","Middle","Male","Own","Married","Close",98400,0,"High",12,NA
"540","Young","Female","Rent","Single","Close",15000,2,NA,12,341
"541","Young","Male","Rent","Single","Close",17700,1,"Low",12,268
"542","Middle","Male","Own","Married","Close",102400,1,"High",18,1237
"543","Young","Male","Rent","Single","Far",17800,1,NA,18,589
"544","Young","Male","Rent","Single","Far",13800,1,"Low",12,368
"545","Middle","Female","Rent","Single","Close",50500,1,"Medium",12,940
"546","Middle","Female","Rent","Single","Close",42000,3,"Low",18,232
"547","Middle","Male","Own","Married","Close",95800,3,"Low",12,678
"548","Young","Male","Rent","Single","Close",15200,0,NA,12,324
"549","Young","Male","Rent","Single","Close",15800,2,"Low",12,NA
"550","Old","Male","Own","Single","Close",51400,0,NA,6,694
"551","Old","Female","Rent","Married","Close",38200,0,"Medium",6,526
"552","Middle","Female","Rent","Single","Close",39900,1,"Low",12,586
"553","Young","Female","Own","Single","Close",21600,2,NA,12,491
"554","Old","Female","Own","Married","Close",65900,0,"High",24,1436
"555","Middle","Female","Own","Married","Close",97500,1,"High",12,NA
"556","Middle","Male","Rent","Married","Far",63000,0,"High",18,2107
"557","Young","Female","Own","Single","Far",31900,0,NA,12,860
"558","Middle","Female","Rent","Single","Far",45500,1,NA,18,NA
"559","Old","Female","Own","Single","Close",12800,0,NA,12,230
"560","Old","Female","Own","Married","Far",12600,2,"Low",12,164
"561","Middle","Male","Rent","Single","Close",50700,3,"Low",6,157
"562","Young","Female","Rent","Single","Close",17900,3,"Low",6,62
"563","Young","Female","Rent","Single","Close",14400,1,"Low",18,223
"564","Old","Female","Own","Single","Close",23800,0,"Low",6,438
"565","Middle","Male","Own","Married","Close",84700,3,NA,24,2705
"566","Middle","Female","Rent","Single","Close",36900,1,"Low",6,371
"567","Old","Female","Own","Single","Close",20600,0,"Low",6,201
"568","Young","Male","Rent","Married","Close",41500,0,NA,24,1213
"569","Middle","Male","Own","Married","Close",83100,2,"Medium",6,586
"570","Middle","Male","Own","Married","Far",88700,2,"High",24,2693
"571","Old","Female","Own","Married","Close",54700,0,"Medium",24,1404
"572","Middle","Male","Own","Single","Close",68900,2,NA,18,2784
"573","Young","Female","Rent","Single","Close",22200,2,"Low",18,NA
"574","Middle","Female","Own","Married","Close",70900,1,"Medium",12,794
"575","Middle","Male","Own","Single","Close",55900,0,"Medium",12,964
"576","Middle","Female","Own","Married","Close",80800,1,NA,18,1598
"577","Middle","Male","Own","Married","Far",100600,3,"High",24,2838
"578","Old","Female","Own","Single","Close",39900,0,NA,6,619
"579","Young","Female","Rent","Married","Close",71200,3,"Low",12,392
"580","Old","Female","Own","Married","Close",61000,0,NA,18,1850
"581","Old","Male","Own","Single","Close",38700,0,NA,24,1506
"582","Middle","Male","Own","Married","Far",98900,0,NA,18,3126
"583","Middle","Male","Own","Single","Close",64300,0,NA,6,1325
"584","Middle","Female","Own","Married","Close",75600,0,NA,12,1541
"585","Young","Female","Rent","Married","Far",53700,0,"High",24,NA
"586","Middle","Male","Own","Single","Close",66600,0,"High",18,1177
"587","Old","Female","Own","Married","Close",89000,0,"High",12,1487
"588","Young","Female","Rent","Single","Far",18200,2,"Low",12,NA
"589","Young","Female","Rent","Married","Close",73600,1,"Medium",6,647
"590","Middle","Female","Rent","Single","Far",45600,0,"High",12,1322
"591","Young","Male","Own","Married","Close",73000,0,NA,6,1534
"592","Young","Male","Own","Single","Close",29600,3,NA,12,NA
"593","Middle","Male","Rent","Married","Close",92900,1,NA,6,1705
"594","Old","Female","Rent","Single","Far",13900,0,"Low",6,191
"595","Young","Male","Rent","Married","Close",64300,3,"Low",6,239
"596","Middle","Male","Own","Married","Close",77100,2,"Medium",6,568
"597","Young","Female","Own","Single","Close",27500,3,NA,12,571
"598","Old","Male","Rent","Married","Close",81800,0,"High",6,919
"599","Old","Female","Rent","Married","Close",41700,0,"Medium",18,1398
"600","Old","Female","Own","Married","Close",51000,0,"Medium",12,NA
"601","Middle","Male","Rent","Single","Close",55900,1,"Medium",12,NA
"602","Young","Male","Rent","Single","Close",19800,2,"Low",12,209
"603","Young","Male","Rent","Single","Close",17600,0,NA,6,245
"604","Middle","Male","Rent","Married","Far",84100,1,"High",24,2362
"605","Middle","Male","Own","Married","Close",85600,0,"High",24,3380
"606","Young","Male","Rent","Single","Close",13400,0,"Low",18,424
"607","Young","Female","Rent","Married","Far",47200,1,"Medium",12,1272
"608","Middle","Male","Own","Married","Close",96300,1,"High",24,1909
"609","Middle","Male","Own","Married","Close",60500,3,"Low",12,NA
"610","Middle","Female","Own","Single","Close",35800,1,NA,24,1355
"611","Middle","Male","Rent","Married","Close",106100,3,"Low",12,472
"612","Young","Male","Rent","Single","Close",18000,0,"Low",12,303
"613","Middle","Male","Rent","Single","Far",50000,1,NA,6,1079
"614","Old","Female","Own","Single","Close",58200,0,"Medium",18,981
"615","Young","Female","Rent","Single","Far",13500,2,"Low",12,160
"616","Middle","Female","Own","Married","Close",59900,1,NA,6,613
"617","Young","Female","Rent","Single","Far",18400,1,"Low",12,662
"618","Middle","Male","Rent","Married","Close",62800,3,"Low",6,177
"619","Middle","Male","Rent","Single","Close",70000,0,"High",6,785
"620","Young","Female","Rent","Single","Far",13600,1,NA,18,349
"621","Middle","Female","Rent","Married","Close",97400,3,"Low",6,213
"622","Old","Female","Own","Married","Far",37500,0,"Medium",18,1578
"623","Old","Female","Own","Single","Close",22800,0,"Low",6,258
"624","Young","Female","Rent","Single","Close",14200,0,NA,6,192
"625","Young","Male","Rent","Single","Close",18700,0,"Low",12,289
"626","Middle","Male","Own","Married","Close",107400,1,"High",24,1821
"627","Young","Female","Rent","Single","Far",28900,0,"Medium",24,905
"628","Middle","Male","Rent","Married","Close",38400,2,"Low",6,NA
"629","Middle","Male","Rent","Single","Close",54200,0,NA,18,1405
"630","Old","Male","Own","Married","Close",102700,0,NA,18,2381
"631","Young","Female","Rent","Single","Close",13300,1,"Low",6,184
"632","Middle","Male","Own","Single","Close",60200,3,NA,12,1364
"633","Young","Male","Rent","Single","Close",21400,0,NA,12,414
"634","Young","Female","Rent","Single","Close",21700,2,NA,6,387
"635","Young","Male","Rent","Single","Close",23200,1,"Low",24,504
"636","Middle","Male","Own","Married","Close",64800,2,"Medium",12,574
"637","Middle","Male","Rent","Single","Close",55600,0,"Medium",6,984
"638","Middle","Male","Own","Married","Far",89500,0,"High",24,5209
"639","Young","Female","Rent","Single","Far",12500,1,NA,12,422
"640","Middle","Male","Own","Married","Close",87000,0,"High",24,1594
"641","Middle","Female","Rent","Single","Far",31200,3,NA,24,NA
"642","Young","Female","Rent","Single","Close",13700,1,NA,6,163
"643","Middle","Male","Own","Single","Close",55500,3,"Low",18,427
"644","Middle","Female","Rent","Single","Close",58600,1,"Medium",6,624
"645","Young","Female","Own","Married","Far",55900,1,NA,6,788
"646","Young","Female","Rent","Single","Far",13700,2,NA,24,414
"647","Old","Female","Own","Married","Far",81400,0,"High",24,3001
"648","Old","Female","Own","Married","Close",90500,0,"High",6,863
"649","Middle","Female","Own","Married","Close",82200,1,NA,12,1517
"650","Middle","Male","Own","Married","Far",65400,3,NA,6,836
"651","Middle","Male","Own","Single","Close",74400,0,"High",12,1152
"652","Young","Male","Rent","Married","Far",63300,3,NA,6,1408
"653","Young","Male","Rent","Married","Far",51600,0,NA,12,1082
"654","Young","Male","Rent","Married","Far",55000,0,NA,12,1162
"655","Middle","Female","Own","Single","Close",43900,2,"Low",6,358
"656","Young","Female","Own","Single","Close",20300,1,"Low",12,304
"657","Young","Female","Own","Single","Far",16300,0,NA,12,360
"658","Middle","Male","Own","Married","Close",97600,2,"Medium",12,NA
"659","Old","Female","Rent","Single","Far",15100,0,"Low",6,348
"660","Young","Female","Rent","Single","Close",12500,3,NA,12,206
"661","Young","Female","Rent","Single","Close",10600,2,"Low",12,114
"662","Middle","Female","Own","Single","Close",41300,1,NA,18,932
"663","Young","Female","Own","Single","Close",27200,2,"Low",18,446
"664","Middle","Male","Own","Married","Close",102400,1,NA,12,2466
"665","Young","Female","Own","Single","Far",27900,1,NA,12,576
"666","Old","Male","Rent","Married","Far",23800,0,NA,12,428
"667","Middle","Male","Own","Married","Close",100000,1,"High",24,2247
"668","Middle","Female","Rent","Married","Far",43300,3,"Medium",24,716
"669","Middle","Male","Own","Married","Close",65800,1,NA,12,1017
"670","Middle","Female","Own","Married","Close",49700,2,"Low",18,613
"671","Middle","Female","Rent","Married","Close",82300,2,"Medium",12,580
"672","Middle","Male","Rent","Single","Close",41200,0,"Medium",12,841
"673","Young","Male","Rent","Single","Close",29200,0,"Low",18,737
"674","Middle","Female","Own","Single","Close",51900,2,NA,12,1162
"675","Middle","Female","Own","Married","Close",85500,2,"Medium",18,895
"676","Young","Female","Rent","Single","Far",12400,3,"Low",18,205
"677","Middle","Female","Own","Married","Close",111900,1,NA,12,2340
"678","Middle","Female","Rent","Single","Close",40400,1,"Low",24,630
"679","Young","Male","Rent","Single","Far",10900,0,"Low",24,407
"680","Middle","Male","Own","Married","Close",82400,3,NA,18,2122
"681","Young","Female","Rent","Single","Close",13200,1,"Low",12,227
"682","Middle","Male","Rent","Single","Close",57800,0,"Medium",24,1149
"683","Old","Female","Own","Married","Close",52200,1,"Medium",12,669
"684","Middle","Male","Rent","Married","Far",64600,2,NA,24,2935
"685","Middle","Female","Own","Single","Close",43100,0,NA,24,1444
"686","Old","Female","Own","Married","Far",40100,0,"Medium",12,1384
"687","Old","Male","Own","Married","Close",84500,0,NA,12,1557
"688","Old","Male","Rent","Married","Close",34500,0,"Medium",12,802
"689","Young","Female","Rent","Married","Close",61000,1,NA,18,NA
"690","Old","Female","Own","Married","Far",79300,0,NA,12,2047
"691","Middle","Male","Rent","Single","Close",44500,0,"Medium",24,1175
"692","Young","Male","Rent","Married","Close",39700,0,"Medium",18,1011
"693","Old","Female","Own","Single","Close",30300,0,"Low",18,NA
"694","Young","Female","Rent","Single","Close",20100,1,"Low",12,271
"695","Old","Male","Own","Married","Far",86500,0,"High",24,2690
"696","Old","Female","Rent","Single","Close",42500,0,"Medium",24,918
"697","Middle","Male","Own","Married","Close",102300,0,"High",24,2438
"698","Middle","Female","Own","Single","Far",52600,2,"Medium",12,NA
"699","Middle","Female","Rent","Single","Far",37800,2,NA,12,1185
"700","Young","Female","Rent","Single","Close",20300,2,"Low",12,180
"701","Middle","Male","Own","Married","Close",71600,1,NA,12,1198
"702","Young","Male","Rent","Married","Close",54500,1,"Medium",18,1001
"703","Middle","Male","Rent","Single","Close",54700,0,"Medium",24,1355
"704","Middle","Male","Rent","Single","Far",58600,2,NA,6,989
"705","Middle","Male","Rent","Single","Far",53800,0,"High",12,1803
"706","Middle","Female","Own","Married","Close",131500,3,NA,6,2840
"707","Middle","Male","Rent","Single","Far",52200,0,"High",24,1909
"708","Young","Male","Rent","Married","Close",37200,1,"Low",6,NA
"709","Young","Male","Rent","Single","Far",22900,1,NA,12,814
"710","Young","Male","Rent","Married","Close",55500,3,"Low",12,NA
"711","Young","Female","Rent","Single","Far",12800,1,NA,24,365
"712","Young","Female","Rent","Single","Close",17600,2,"Low",18,163
"713","Old","Female","Own","Single","Far",28300,0,"Medium",24,933
"714","Old","Male","Own","Single","Close",41900,0,"Medium",6,654
"715","Young","Female","Rent","Single","Close",14100,3,NA,6,153
"716","Middle","Male","Rent","Single","Close",52100,0,NA,12,1668
"717","Middle","Male","Rent","Single","Far",38700,1,"Medium",18,NA
"718","Middle","Female","Rent","Single","Far",44100,1,"Medium",18,1659
"719","Middle","Male","Own","Married","Far",79200,1,"High",6,1905
"720","Young","Female","Rent","Single","Close",22600,3,NA,6,521
"721","Middle","Male","Rent","Single","Close",55100,2,NA,6,826
"722","Old","Female","Own","Married","Far",70400,0,"High",18,2610
"723","Middle","Male","Own","Married","Close",107300,2,"Medium",24,1194
"724","Middle","Female","Rent","Married","Close",66500,1,NA,24,1181
"725","Young","Male","Rent","Single","Close",10200,0,NA,24,362
"726","Young","Female","Own","Single","Far",41000,1,"Medium",12,768
"727","Middle","Female","Rent","Single","Close",26200,1,"Low",12,381
"728","Middle","Male","Rent","Married","Far",72200,3,"Medium",18,1811
"729","Middle","Male","Rent","Single","Far",36700,1,"Medium",24,NA
"730","Old","Male","Own","Married","Far",74500,0,NA,18,1413
"731","Middle","Female","Own","Single","Close",60200,1,NA,12,1748
"732","Old","Male","Rent","Single","Close",34500,0,"Medium",24,639
"733","Old","Female","Own","Married","Close",83700,0,"High",18,NA
"734","Young","Male","Rent","Single","Far",14800,1,NA,12,376
"735","Middle","Male","Own","Married","Close",106400,0,NA,12,1757
"736","Young","Female","Rent","Married","Close",42000,3,"Low",6,105
"737","Middle","Male","Rent","Married","Close",118800,0,"High",12,2631
"738","Young","Female","Own","Single","Far",21900,2,"Low",24,486
"739","Middle","Male","Rent","Single","Close",39500,1,NA,6,412
"740","Middle","Male","Rent","Single","Close",45900,0,"Medium",12,716
"741","Young","Female","Rent","Married","Close",37100,2,"Low",24,653
"742","Middle","Female","Rent","Single","Close",28200,1,"Low",6,224
"743","Middle","Male","Rent","Married","Close",74600,2,"Medium",18,705
"744","Middle","Male","Own","Married","Close",122700,1,NA,18,4984
"745","Young","Female","Rent","Single","Close",14200,2,"Low",18,197
"746","Middle","Male","Own","Married","Far",75500,0,NA,18,2450
"747","Middle","Male","Own","Single","Close",62900,0,NA,24,2561
"748","Young","Male","Rent","Single","Far",19400,0,"Low",6,563
"749","Middle","Female","Rent","Single","Close",46600,0,NA,12,546
"750","Middle","Male","Own","Married","Far",79700,1,"High",24,3384
"751","Middle","Male","Own","Single","Close",45900,2,"Low",12,416
"752","Old","Female","Own","Married","Close",42800,0,"Medium",6,685
"753","Old","Male","Own","Married","Far",65500,0,"High",24,1931
"754","Old","Female","Rent","Single","Close",33600,0,"Medium",12,573
"755","Middle","Female","Own","Single","Far",55600,1,"High",18,1553
"756","Young","Female","Rent","Single","Close",24000,2,NA,6,362
"757","Young","Male","Rent","Single","Far",25700,0,"Medium",18,907
"758","Old","Female","Own","Married","Close",21500,0,"Low",18,445
"759","Old","Female","Rent","Married","Close",68600,0,"High",18,1342
"760","Young","Female","Rent","Single","Far",23100,2,"Low",12,457
"761","Middle","Female","Rent","Married","Close",53300,0,"Medium",24,1598
"762","Old","Female","Own","Married","Close",112800,0,"High",12,1861
"763","Old","Male","Own","Married","Close",124900,0,"High",18,4109
"764","Middle","Female","Own","Single","Close",72200,0,NA,18,3278
"765","Middle","Male","Rent","Single","Close",35100,1,"Low",6,421
"766","Old","Female","Rent","Single","Close",14900,0,NA,12,275
"767","Middle","Male","Rent","Single","Close",72000,0,"High",12,1475
"768","Middle","Male","Own","Married","Close",82400,0,"High",18,1779
"769","Young","Male","Rent","Married","Close",41600,3,NA,24,1634
"770","Middle","Female","Own","Married","Close",68500,2,NA,12,1500
"771","Young","Male","Own","Married","Close",62200,0,"High",24,1348
"772","Old","Female","Own","Single","Close",35900,0,NA,12,962
"773","Young","Male","Rent","Single","Close",14100,0,"Low",12,328
"774","Young","Female","Rent","Married","Close",36500,1,NA,18,747
"775","Middle","Female","Own","Married","Close",86400,1,"High",12,1713
"776","Old","Female","Rent","Married","Close",39500,0,"Medium",12,1006
"777","Old","Male","Own","Married","Close",85300,0,NA,12,2523
"778","Old","Female","Own","Married","Close",110700,0,"High",12,2458
"779","Young","Male","Rent","Single","Far",17700,0,"Low",18,742
"780","Young","Female","Rent","Married","Far",33200,1,NA,24,1639
"781","Middle","Female","Own","Single","Close",53800,0,"Medium",12,NA
"782","Old","Male","Rent","Single","Close",44400,0,"Medium",18,886
"783","Middle","Female","Rent","Married","Close",135700,1,"High",24,2746
"784","Young","Female","Rent","Single","Far",20700,1,"Low",12,550
"785","Middle","Male","Rent","Married","Far",83500,2,"High",24,2098
"786","Middle","Female","Rent","Married","Close",84200,2,"Medium",24,954
"787","Middle","Female","Rent","Married","Close",79900,1,"Medium",12,1041
"788","Old","Female","Rent","Single","Far",19700,0,"Low",6,535
"789","Middle","Female","Rent","Single","Close",35300,0,NA,18,1369
"790","Old","Male","Own","Married","Far",52000,0,"High",18,2545
"791","Young","Male","Rent","Single","Close",21300,1,NA,12,329
"792","Middle","Male","Own","Single","Close",63700,0,NA,6,1351
"793","Old","Female","Own","Married","Close",25900,0,"Low",18,582
"794","Middle","Male","Rent","Married","Close",65800,2,"Medium",18,578
"795","Old","Female","Rent","Single","Close",11000,0,NA,24,NA
"796","Old","Female","Rent","Married","Close",65900,0,"High",12,777
"797","Middle","Female","Own","Married","Close",108100,1,"High",12,1133
"798","Middle","Male","Own","Married","Close",107300,2,"Medium",18,1566
"799","Middle","Female","Rent","Married","Close",79500,0,"High",12,1651
"800","Middle","Female","Rent","Married","Close",95900,0,NA,24,3168
"801","Middle","Male","Rent","Single","Close",45200,1,"Medium",18,699
"802","Middle","Male","Own","Married","Close",98500,0,"High",18,2034
"803","Old","Female","Own","Married","Close",96200,0,"High",12,1457
"804","Young","Male","Rent","Single","Close",17900,0,NA,18,395
"805","Middle","Male","Own","Married","Close",42700,0,"Medium",6,541
"806","Middle","Male","Own","Single","Far",49700,0,"High",24,2844
"807","Middle","Female","Rent","Single","Close",43000,3,"Low",24,NA
"808","Young","Female","Rent","Single","Close",15500,1,"Low",6,210
"809","Young","Male","Rent","Single","Close",13000,3,"Low",6,43
"810","Middle","Female","Rent","Single","Close",27200,3,"Low",24,243
"811","Old","Female","Own","Married","Close",26700,0,"Low",24,1120
"812","Old","Male","Own","Single","Far",61000,0,"High",6,975
"813","Middle","Female","Own","Married","Close",76600,3,NA,24,2904
"814","Middle","Male","Own","Married","Close",117500,2,"Medium",12,927
"815","Old","Male","Own","Married","Close",90600,0,"High",24,3167
"816","Young","Female","Rent","Single","Far",12600,0,"Low",6,241
"817","Old","Female","Own","Single","Close",12700,2,"Low",6,65
"818","Middle","Female","Own","Married","Far",77600,3,"Medium",12,858
"819","Middle","Female","Rent","Married","Far",92400,1,NA,6,2191
"820","Old","Female","Rent","Married","Close",71800,0,"High",24,1946
"821","Middle","Male","Own","Married","Far",95800,3,NA,12,2581
"822","Young","Female","Own","Single","Close",32600,3,"Low",12,172
"823","Middle","Male","Own","Married","Close",74500,2,"Medium",12,824
"824","Old","Female","Rent","Single","Close",29200,0,"Low",12,NA
"825","Young","Female","Rent","Single","Far",12900,1,"Low",6,167
"826","Middle","Male","Rent","Married","Close",117700,1,"High",12,2104
"827","Middle","Female","Own","Married","Close",64100,1,"Medium",18,1332
"828","Middle","Female","Rent","Single","Close",46500,1,"Medium",24,829
"829","Young","Female","Rent","Single","Close",12400,1,NA,12,NA
"830","Middle","Male","Own","Married","Far",130600,0,"High",18,3442
"831","Middle","Male","Own","Married","Far",74400,0,"High",6,1893
"832","Old","Female","Own","Single","Far",40600,2,"Medium",6,690
"833","Young","Female","Rent","Married","Close",54200,1,"Medium",6,486
"834","Middle","Male","Own","Single","Far",65400,1,"High",12,2290
"835","Middle","Male","Rent","Single","Close",49100,0,NA,6,934
"836","Young","Female","Rent","Single","Close",10600,2,NA,24,517
"837","Young","Female","Rent","Married","Close",76400,0,NA,12,2216
"838","Middle","Female","Rent","Married","Close",93700,1,"High",24,1521
"839","Middle","Male","Rent","Single","Far",49000,0,"High",18,1523
"840","Middle","Female","Own","Married","Close",96500,1,"High",18,1364
"841","Middle","Male","Own","Single","Close",55600,0,NA,12,952
"842","Middle","Male","Own","Married","Close",99600,1,"High",6,871
"843","Middle","Female","Own","Married","Close",79900,3,"Low",12,295
"844","Old","Female","Rent","Married","Close",50500,0,"Medium",12,642
"845","Old","Female","Own","Single","Far",16300,0,"Low",6,317
"846","Old","Female","Own","Married","Close",49200,0,"Medium",12,1078
"847","Middle","Male","Own","Single","Far",48100,2,"Medium",18,961
"848","Middle","Male","Own","Single","Far",61300,2,"High",24,1241
"849","Middle","Female","Own","Married","Close",72600,1,NA,18,1999
"850","Young","Male","Rent","Single","Far",19500,0,NA,24,571
"851","Young","Female","Rent","Single","Close",17200,1,NA,12,329
"852","Middle","Male","Rent","Single","Far",51100,0,"High",24,1984
"853","Middle","Male","Own","Single","Close",76800,1,"Medium",18,1061
"854","Middle","Male","Own","Single","Far",60200,0,"High",12,1955
"855","Middle","Male","Rent","Single","Close",59100,2,"Low",18,580
"856","Old","Female","Own","Single","Close",32500,0,"Medium",24,883
"857","Middle","Female","Rent","Single","Far",49500,2,"Medium",12,1195
"858","Middle","Male","Own","Married","Close",109600,1,"High",12,2318
"859","Young","Female","Rent","Married","Close",47300,0,NA,6,640
"860","Middle","Male","Rent","Married","Close",93000,1,"High",24,2644
"861","Young","Female","Own","Single","Far",32000,1,NA,24,1320
"862","Young","Female","Own","Single","Close",44700,1,"Medium",6,NA
"863","Old","Female","Own","Married","Close",69400,0,"High",18,2419
"864","Middle","Male","Own","Married","Close",64300,2,"Medium",6,661
"865","Middle","Male","Own","Single","Far",75400,0,"High",24,2723
"866","Middle","Male","Own","Married","Close",96100,0,"High",6,1588
"867","Old","Female","Own","Married","Close",118000,3,"Low",12,581
"868","Young","Male","Rent","Married","Close",69700,1,"Medium",12,NA
"869","Old","Male","Own","Single","Close",59300,0,"Medium",12,929
"870","Middle","Female","Rent","Married","Close",88600,3,"Low",6,212
"871","Middle","Male","Own","Married","Close",102600,0,"High",18,2546
"872","Middle","Male","Rent","Single","Close",43700,0,NA,18,1344
"873","Old","Female","Own","Married","Close",22400,0,NA,24,947
"874","Middle","Male","Rent","Married","Far",70500,1,NA,24,2145
"875","Middle","Male","Own","Married","Close",54200,1,"Medium",6,757
"876","Middle","Female","Own","Single","Far",25300,1,NA,6,451
"877","Old","Male","Own","Married","Close",116100,1,"High",24,2975
"878","Young","Female","Rent","Single","Close",15900,0,NA,18,406
"879","Middle","Female","Own","Single","Close",46600,3,"Low",6,158
"880","Young","Male","Own","Single","Close",23200,0,NA,24,534
"881","Young","Male","Rent","Single","Close",18200,0,"Low",12,401
"882","Middle","Female","Own","Married","Close",82700,1,"High",18,1753
"883","Young","Female","Rent","Single","Close",17000,0,"Low",18,659
"884","Middle","Male","Own","Married","Close",83000,2,"Medium",6,726
"885","Young","Female","Own","Married","Close",42400,1,NA,18,1166
"886","Old","Male","Own","Single","Close",40200,2,NA,18,1197
"887","Young","Female","Rent","Single","Far",17300,0,"Low",6,411
"888","Middle","Female","Own","Married","Close",109800,1,"High",24,2258
"889","Middle","Female","Own","Single","Far",64400,3,"Medium",24,1913
"890","Young","Female","Rent","Single","Far",27600,1,"Medium",24,893
"891","Young","Female","Rent","Single","Close",25100,1,NA,6,421
"892","Middle","Female","Own","Single","Close",46300,3,NA,6,1138
"893","Old","Female","Own","Married","Far",74900,0,NA,12,1804
"894","Middle","Male","Own","Single","Close",67900,0,"High",18,1418
"895","Middle","Male","Rent","Married","Close",88500,2,"Medium",24,NA
"896","Middle","Male","Own","Married","Close",99200,3,NA,12,2796
"897","Old","Female","Own","Married","Close",62800,0,"High",18,1403
"898","Old","Male","Own","Married","Far",76900,2,"High",24,3230
"899","Middle","Male","Own","Married","Close",84100,3,NA,6,1352
"900","Old","Female","Own","Married","Close",77600,0,"High",18,2004
"901","Young","Female","Rent","Single","Close",19100,1,"Low",18,403
"902","Old","Female","Own","Married","Far",128700,0,"High",24,3995
"903","Young","Female","Rent","Single","Far",14400,1,"Low",6,NA
"904","Old","Male","Rent","Married","Close",49600,0,"Medium",6,770
"905","Middle","Female","Rent","Single","Close",47000,0,NA,6,963
"906","Young","Female","Rent","Married","Close",36600,0,"Medium",6,833
"907","Middle","Female","Own","Single","Close",65800,1,"Medium",12,869
"908","Middle","Male","Rent","Married","Far",52800,2,"Medium",12,926
"909","Middle","Male","Own","Married","Close",96500,0,"High",24,3780
"910","Middle","Female","Rent","Married","Close",63500,1,"Medium",18,NA
"911","Middle","Male","Rent","Single","Close",60400,1,"Medium",6,NA
"912","Middle","Male","Own","Married","Close",102700,3,NA,12,1473
"913","Middle","Male","Own","Married","Close",100100,2,NA,6,1597
"914","Middle","Male","Rent","Single","Close",54400,0,"Medium",6,1150
"915","Middle","Male","Rent","Married","Close",105600,3,"Low",6,NA
"916","Old","Female","Own","Married","Far",57900,0,"High",12,1693
"917","Young","Male","Own","Single","Close",31500,3,"Low",18,269
"918","Middle","Female","Rent","Married","Far",60100,1,"High",18,1430
"919","Middle","Male","Rent","Married","Close",87400,2,NA,18,2729
"920","Middle","Male","Own","Married","Close",117900,0,"High",6,1760
"921","Middle","Male","Own","Single","Close",48800,1,"Medium",24,1271
"922","Middle","Female","Own","Married","Close",67900,3,"Low",12,356
"923","Old","Male","Rent","Married","Far",66200,0,NA,6,1024
"924","Middle","Male","Rent","Married","Close",88000,2,"Medium",6,NA
"925","Middle","Male","Rent","Married","Close",94200,1,"High",18,1211
"926","Young","Female","Rent","Single","Close",29200,3,NA,6,636
"927","Young","Male","Rent","Single","Far",15300,0,"Low",24,645
"928","Young","Male","Rent","Single","Far",17500,0,"Low",18,NA
"929","Old","Male","Own","Married","Close",168800,0,"High",6,1512
"930","Middle","Male","Rent","Single","Far",40200,0,"High",18,1634
"931","Young","Male","Rent","Single","Close",28400,3,"Low",18,182
"932","Middle","Male","Rent","Married","Far",72200,3,"Medium",18,1042
"933","Middle","Female","Own","Single","Far",55200,0,"High",18,1714
"934","Middle","Female","Rent","Single","Close",44600,0,"Medium",18,966
"935","Middle","Male","Own","Single","Close",58400,0,"Medium",12,829
"936","Middle","Female","Own","Single","Close",67800,1,"Medium",6,680
"937","Old","Female","Own","Single","Close",25500,0,"Low",18,636
"938","Young","Female","Rent","Single","Far",20000,3,"Low",6,NA
"939","Middle","Male","Rent","Single","Far",52600,1,NA,18,1773
"940","Middle","Male","Rent","Married","Far",97600,1,NA,12,2902
"941","Old","Male","Own","Married","Close",23400,0,"Low",6,348
"942","Middle","Female","Own","Married","Close",102500,3,"Low",12,548
"943","Middle","Female","Own","Married","Far",52300,1,"High",18,2034
"944","Middle","Male","Rent","Single","Far",65400,0,"High",12,NA
"945","Young","Male","Rent","Single","Close",19600,0,"Low",12,395
"946","Old","Male","Own","Married","Far",37000,0,"Medium",12,850
"947","Young","Female","Rent","Single","Far",13200,0,NA,18,512
"948","Middle","Male","Rent","Single","Close",63800,1,"Medium",24,1622
"949","Old","Female","Rent","Single","Far",22600,0,NA,12,865
"950","Old","Female","Own","Single","Close",37300,0,"Medium",6,673
"951","Young","Male","Rent","Single","Far",14900,1,NA,12,NA
"952","Middle","Female","Own","Single","Close",36700,1,NA,6,529
"953","Middle","Male","Own","Single","Close",63200,0,"High",24,NA
"954","Old","Male","Own","Married","Close",77300,0,"High",18,NA
"955","Middle","Male","Rent","Single","Close",43100,1,NA,12,1224
"956","Middle","Female","Rent","Single","Far",44800,1,"Medium",6,666
"957","Old","Female","Rent","Married","Close",70900,0,"High",24,1685
"958","Middle","Female","Rent","Single","Far",38200,0,"Medium",24,1476
"959","Young","Female","Rent","Single","Far",18400,1,"Low",6,NA
"960","Middle","Female","Rent","Single","Close",40700,3,"Low",18,232
"961","Old","Male","Own","Single","Close",71300,0,"High",18,1543
"962","Middle","Female","Rent","Single","Close",36400,2,"Low",18,506
"963","Young","Male","Rent","Single","Close",15400,0,"Low",6,172
"964","Middle","Male","Own","Single","Far",39100,1,"Medium",12,1001
"965","Middle","Male","Rent","Single","Close",43800,0,"Medium",12,606
"966","Young","Male","Rent","Single","Far",25300,0,"Medium",12,591
"967","Old","Male","Rent","Married","Close",71800,0,"High",12,1389
"968","Middle","Male","Own","Single","Close",73200,0,"High",24,2177
"969","Middle","Male","Own","Married","Far",79000,1,"High",18,2279
"970","Middle","Female","Rent","Married","Close",75200,1,NA,24,2702
"971","Young","Female","Rent","Single","Close",25300,3,NA,6,510
"972","Old","Female","Own","Married","Close",43600,0,"Medium",12,1047
"973","Middle","Male","Own","Married","Close",83600,2,"Medium",6,538
"974","Middle","Female","Own","Single","Far",56200,0,"High",18,1546
"975","Young","Male","Rent","Married","Close",45500,0,"Medium",6,754
"976","Middle","Male","Own","Married","Close",99300,1,"High",12,1504
"977","Middle","Male","Own","Married","Far",108000,3,"High",24,1849
"978","Middle","Female","Own","Married","Far",84900,1,"High",24,3072
"979","Middle","Male","Own","Married","Far",93000,3,"High",6,NA
"980","Middle","Female","Own","Married","Close",82000,0,"High",18,1800
"981","Old","Female","Own","Single","Close",33000,3,NA,6,700
"982","Middle","Female","Own","Single","Close",36900,2,"Low",24,514
"983","Middle","Female","Rent","Single","Close",33200,1,NA,6,320
"984","Young","Male","Rent","Married","Close",49300,0,NA,24,1692
"985","Old","Male","Rent","Married","Far",66200,0,"High",24,2057
"986","Middle","Male","Own","Married","Far",96800,2,"High",18,2299
"987","Old","Male","Own","Single","Close",63200,0,"High",24,1507
"988","Old","Male","Own","Married","Far",112900,0,"High",24,6217
"989","Middle","Female","Rent","Single","Close",32100,2,"Low",24,405
"990","Middle","Male","Own","Married","Far",102700,1,"High",18,3785
"991","Middle","Male","Own","Married","Close",123800,2,NA,18,3537
"992","Old","Female","Rent","Single","Far",11700,0,"Low",18,540
"993","Middle","Male","Own","Married","Close",101700,1,NA,6,941
"994","Middle","Female","Own","Married","Far",99200,0,"High",24,5503
"995","Young","Male","Rent","Single","Close",17600,0,NA,6,273
"996","Young","Female","Rent","Single","Close",19400,1,NA,18,384
"997","Middle","Male","Rent","Single","Far",40500,1,NA,18,1073
"998","Old","Male","Own","Single","Close",44800,0,"Medium",24,1417
"999","Middle","Male","Own","Married","Close",79000,2,"Medium",18,671
"1000","Young","Male","Rent","Married","Close",53600,1,"Medium",24,973
